;profile_id;sequence_nbr;start_date;end_date;company;title;country;region;location;is_title_d_and_a;tk_title_standardized_original_language;tk_title_original_language;tk_title_standardized_english;tk_title_standardized_group;tk_title_standardized_class;is_title_manager;odp_function;mck_function
0;cf706fc6-0ad7-44a2-b075-46436902b541;10;01/03/2022;;IncrediBuild;Revenue Enablement Director;Israel;Tel Aviv;;FALSE;;;;;;TRUE;Executive;Executive
1;714ec618-c843-4cc0-a3b6-bb3eba82b8df;10;01/09/2020;01/02/2022;IncrediBuild;Head of Performance Marketing;Israel;;;FALSE;English;Head of Marketing;Head of Marketing;Communication, Marketing and Public Relations Managers;Communication, Marketing and Public Relations;TRUE;Marketing & Sales;Marketing
2;14cf16f1-caf6-4c0d-b26f-ebb4879aab3f;6;01/11/2017;01/01/2021;IncrediBuild;Team Lead & Full Stack Developer;Israel;;;TRUE;English;Web Developer;Web Developer;Web Professionals;Information and Communication Technology;TRUE;;
3;d3aa4910-3740-42b2-9740-090bdff10c51;7;01/01/2023;;IncrediBuild;Account Executive;Israel;Tel Aviv;;FALSE;English;Salesperson;Salesperson;Sellers;Sales and Trading;FALSE;Marketing & Sales;Sales
4;5558f1f2-91e6-4527-9f9b-a1bca25e429b;4;01/09/2015;01/08/2017;IncrediBuild;Senior Customer Success Engineer;Israel;;;FALSE;;;;;;FALSE;Operations;Operations
5;d073987f-080f-40c6-8249-f9551521eee2;11;01/06/2022;01/04/2023;IncrediBuild;Cto And Vp Of Engineering At Incredibuild;Israel;Tel Aviv;;FALSE;;;;;;TRUE;Other;Other
6;06f06578-4c2a-4210-a53d-5e8188f23956;6;01/04/2019;01/03/2022;IncrediBuild;Account Manager;Israel;Tel Aviv;;FALSE;English;Account Manager (other);Account Manager (other);Business Services Account Managers;Sales and Trading;FALSE;Marketing & Sales;Sales
7;e16fbf98-3da0-429d-8108-c12a8d8d8164;4;01/03/2016;01/11/2016;IncrediBuild;Recruitment Manager(Via 6knots);Israel;Tel Aviv;;FALSE;;;;;;TRUE;Legal, Risk & HR;HR
8;f8edffb4-394d-40db-8337-349daf69bfeb;6;01/01/2020;01/07/2020;IncrediBuild;Cto Office - Innovation Research;Israel;Tel Aviv;;TRUE;;;;;;TRUE;;
9;691fdfeb-bfb4-4e5a-93cb-7ec5668b3966;9;01/12/2021;;IncrediBuild;DevOps Tech Lead;Israel;Tel Aviv;;TRUE;;;;;;TRUE;Digital & Analytics;IT
10;f8edffb4-394d-40db-8337-349daf69bfeb;7;01/07/2020;;IncrediBuild;Developer, Linux Professional Services;Israel;;;TRUE;;;;;;FALSE;;
11;1b02261e-cb27-4916-a542-9a6a917f988f;3;01/03/2020;01/09/2021;IncrediBuild;Account Manager;Israel;Tel Aviv;;FALSE;English;Account Manager (other);Account Manager (other);Business Services Account Managers;Sales and Trading;FALSE;Marketing & Sales;Sales
12;7c6c7855-cbdf-41d0-b314-c1dffc3c69af;4;01/08/2021;;IncrediBuild;Software Engineer;Israel;Tel Aviv;;TRUE;English;Software Engineer;Software Engineer;Programmers;Information and Communication Technology;FALSE;Digital & Analytics;IT
13;39f6cb3b-8340-4075-9386-669fe8eb82ef;7;01/07/2021;;IncrediBuild;Automation Architect And Lead;Israel;Tel Aviv;;TRUE;;;;;;TRUE;Other;Other
14;44b75bd5-58c2-4ebf-9e4d-ec1e1ba09be4;6;01/11/2021;;IncrediBuild;Software Development Manager;Israel;Tel Aviv;;TRUE;English;IT Manager;IT Manager;IT Managers;Information and Communication Technology;TRUE;Digital & Analytics;IT
15;5558f1f2-91e6-4527-9f9b-a1bca25e429b;3;01/06/2012;01/08/2015;IncrediBuild;Customer Support;Israel;;;FALSE;English;Customer Service Agent;Customer Service Agent;Customer Service Personnel;Administration and Customer Service;FALSE;Operations;Operations
16;8dc05f01-5252-49bb-8185-dcc5630f3e9e;6;01/05/2013;01/04/2020;IncrediBuild;Salesforce Administrator And Business Processes Lead;Israel;;;FALSE;;;;;;TRUE;;
17;ce251e88-359b-4830-8186-8222f5ce29e9;4;01/01/2022;01/01/2023;IncrediBuild;Senior Sales Consultant;United States;;;FALSE;English;Business Development Manager;Business Development Manager;Sales Managers;Sales and Trading;FALSE;;
18;7b9b71c8-6f0f-4ea3-944f-6f43a1e69a44;10;01/01/2023;;IncrediBuild;Director, New Business Sales;United States;;;FALSE;English;Head of Sales;Head of Sales;Sales Managers;Sales and Trading;FALSE;Marketing & Sales;Sales
19;b97b1a31-5da5-41fa-a414-1617115eff96;5;01/03/2021;;IncrediBuild;Board Member;United States;;;FALSE;English;Board Member;Board Member;General Directors;Management, Policy and Governance;FALSE;;
20;31ce6d70-c760-4d26-a1d8-9285668eb68c;8;01/03/2022;;IncrediBuild;Senior Sales Consultant;United States;New York;New York;FALSE;English;Business Development Manager;Business Development Manager;Sales Managers;Sales and Trading;FALSE;;
21;f14af657-1d01-4bf8-9a43-65ac68f7e612;7;01/01/2023;;IncrediBuild;Senior Software Engineer;Israel;Tel Aviv;;TRUE;English;Software Engineer;Software Engineer;Programmers;Information and Communication Technology;FALSE;Digital & Analytics;IT
22;904209e8-eb72-4d21-a2e5-da6a36b731a3;6;01/09/2022;;IncrediBuild;Senior Director;Israel;Tel Aviv;;FALSE;;;;;;TRUE;;
23;677852fa-2a53-4f42-9c36-f0cab96f3d64;3;01/12/2021;;IncrediBuild;Account Executive;Israel;Tel Aviv;;FALSE;English;Business Adviser;Business Adviser;Insurance & Finance Advisors;Insurance and Finance;FALSE;Marketing & Sales;Sales
24;72baf68b-a838-4f41-8aac-6bf8d142e118;4;01/06/2019;01/09/2022;IncrediBuild;Technical Customer Success Engineer;Israel;Tel Aviv;;TRUE;;;;;;FALSE;Marketing & Sales;Sales
25;7ad7de2b-de59-4572-89cf-8c597fc3e571;6;01/08/2017;01/08/2018;IncrediBuild;Business Development Executive - China;Israel;;;FALSE;English;Business Development Manager;Business Development Manager;Sales Managers;Sales and Trading;FALSE;Marketing & Sales;Marketing
26;f10d5059-3184-471b-b0e6-62581a299d4f;7;01/02/2019;01/12/2021;IncrediBuild;Digital Marketing Manager;Israel;;;TRUE;English;Online Marketing Manager;Online Marketing Manager;Communication, Marketing and Public Relations Managers;Communication, Marketing and Public Relations;TRUE;Marketing & Sales;Marketing
27;d073987f-080f-40c6-8249-f9551521eee2;9;01/11/2020;01/07/2022;IncrediBuild;Director Engineering;Israel;;;FALSE;;;;;;TRUE;Other;Other
28;9aa53d89-a296-47f1-81b6-a68a3e217438;7;01/07/2021;;IncrediBuild;Automation Architect And Lead;Israel;Tel Aviv;;TRUE;;;;;;TRUE;Other;Other
29;c98ccf0d-d5ed-4efa-ac20-62f9d490a88c;2;01/01/2013;01/08/2013;IncrediBuild;Marketing Coordinator/Analyst;Israel;Tel Aviv;;FALSE;English;Marketing Manager;Marketing Manager;Communication, Marketing and Public Relations Managers;Communication, Marketing and Public Relations;FALSE;;
30;df6aa505-2739-4008-97cf-6165ba5f3606;12;01/11/2022;;IncrediBuild;Technical Support Engineer;Israel;;;TRUE;English;Technical Support Specialist;Technical Support Specialist;Support Staff;Information and Communication Technology;FALSE;;
31;ee205a37-86a6-4e26-91fd-ad087a2667fc;8;01/02/2023;;IncrediBuild;Director Information Technology;Israel;;;TRUE;English;IT Manager;IT Manager;IT Managers;Information and Communication Technology;TRUE;Marketing & Sales;Marketing
32;b4adf299-ddfd-4212-ae20-64322086fe52;7;01/01/2019;01/09/2021;IncrediBuild;Sales Account Manager;Israel;Tel Aviv;;FALSE;English;Account Manager (Sales);Account Manager (Sales);Articles and Products Representives;Sales and Trading;FALSE;Marketing & Sales;Sales
33;62aa38bc-0e1f-4742-96eb-f3ff2f0a3267;5;01/02/2021;;IncrediBuild;Documentation Specialist;Israel;Tel Aviv;;FALSE;English;Documentation Manager;Documentation Manager;Librarians and Documentalists;Arts, Culture and Media;FALSE;Operations;Operations
34;0e1ed9dc-daec-438c-9d30-612f84cd4ed6;5;01/10/2021;;IncrediBuild;Customer Success Manager;Israel;Tel Aviv;;FALSE;English;Customer Manager;Customer Manager;Heads of Administration and Customer Services;Administration and Customer Service;TRUE;Marketing & Sales;Sales
35;0d51b65f-8988-421d-afbb-04f4c57d9401;5;01/12/2018;01/08/2019;IncrediBuild;Avp Inside Sales;Israel;;;FALSE;;;;;;FALSE;Marketing & Sales;Sales
36;d15247ed-4183-4f38-bbcd-2428a815a45f;2;01/01/2018;01/06/2019;IncrediBuild;Support Engineer;Israel;;;FALSE;English;Support Engineer;Support Engineer;Support Staff;Information and Communication Technology;FALSE;;
37;c6d86290-b9c3-4b21-838b-db26bd5f2143;6;01/05/2022;;IncrediBuild;Director of Growth Marketing;Israel;Tel Aviv;;FALSE;;;;;;TRUE;;
38;870225e5-2155-488e-aa6b-d7b58a2b8916;6;01/10/2021;01/12/2022;IncrediBuild;Erp Financial Analyst;Israel;;;FALSE;;;;;;FALSE;Finance;Finance
39;d3aa4910-3740-42b2-9740-090bdff10c51;4;01/11/2020;01/01/2022;IncrediBuild;Business Development;Israel;Tel Aviv;;FALSE;English;Business Adviser;Business Adviser;Insurance & Finance Advisors;Insurance and Finance;FALSE;Marketing & Sales;Marketing
40;53a788ab-96f8-43a0-aaf4-fc47f9333683;5;01/03/2022;;IncrediBuild;Product Marketing Manager;Israel;Tel Aviv;;TRUE;;;;;;TRUE;Marketing & Sales;Marketing
41;18712c2d-daa9-476d-978f-6cdff4ff140c;7;01/05/2015;01/03/2016;IncrediBuild;Customer Service & Professional Services Executive;Israel;Tel Aviv;;FALSE;;;;;;FALSE;Operations;Administration
42;7612803a-6fbc-46ae-bf87-103d9693c13f;9;01/01/2011;;IncrediBuild;Cto;Israel;;;FALSE;English;Chief Technology Officer (CTO);Chief Technology Officer (CTO);IT Managers;Information and Communication Technology;TRUE;;
43;c1302a34-2249-4981-be4c-7e8461110449;4;01/01/2014;01/01/2016;IncrediBuild;Senior Engineer;Israel;Tel Aviv;;FALSE;English;Lead Engineer;Lead Engineer;Engineering Managers;Engineering;FALSE;Operations;Operations
44;32dfd36e-16dd-417f-990d-5010708d229b;7;01/10/2021;;IncrediBuild;BDR Team Lead;Israel;Tel Aviv;;FALSE;;;;;;TRUE;;
45;5a5f7074-ee00-446d-86cf-d09532003591;6;01/01/2017;01/11/2018;IncrediBuild;Human Resources Manager;Israel;Tel Aviv;;FALSE;English;Human Resources Manager;Human Resources Manager;Labour Managers;Legal, Human Resources and Social Services;TRUE;Legal, Risk & HR;HR
46;1a8fc93d-9856-4a23-baa2-c31a40eace55;10;01/10/2022;;IncrediBuild;Account Executive;Israel;Tel Aviv;;FALSE;English;Business Adviser;Business Adviser;Insurance & Finance Advisors;Insurance and Finance;FALSE;Marketing & Sales;Sales
47;76e50b66-ca2d-4e8f-9ddb-1525b962beb7;2;01/11/2021;;IncrediBuild;Accounting Manager;Israel;Tel Aviv;;FALSE;English;Assistant Controller;Assistant Controller;Accountants;Insurance and Finance;TRUE;Finance;Finance
48;20716bdb-4361-46f7-af6c-f8f039f6b8e1;7;01/12/2022;;IncrediBuild;Sales Enablement Tools And Content Manager;Israel;;;FALSE;;;;;;FALSE;;
49;aa74d8e8-e175-4f58-9378-e64164668b9f;3;01/03/2021;;IncrediBuild;Web Developer;Israel;Tel Aviv;;TRUE;English;Front-End Developer;Front-End Developer;Web Professionals;Information and Communication Technology;FALSE;Digital & Analytics;IT
50;5c3bd1bc-7f81-4004-80f6-8f1b62cb2bea;9;01/05/2021;;IncrediBuild;Account Executive;Japan;;;FALSE;English;Account Manager (other);Account Manager (other);Business Services Account Managers;Sales and Trading;FALSE;Marketing & Sales;Sales
51;e17f53cd-6e0d-4c3f-8350-47c9bb8fda39;7;01/10/2021;;IncrediBuild;Technical Customer Support Engineer;United States;;;TRUE;English;Technical Support Specialist;Technical Support Specialist;Support Staff;Information and Communication Technology;FALSE;Digital & Analytics;IT
52;d73f651f-5b59-4c79-a8b3-baa0339e7243;8;01/01/2021;01/08/2021;IncrediBuild;Regional Sales Manager;United States;New York;New York;FALSE;English;Sales Manager;Sales Manager;Sales Managers;Sales and Trading;FALSE;Marketing & Sales;Sales
53;97db8534-e51e-473c-b3a5-2f3b0f97c031;8;01/08/2022;;IncrediBuild;HR/Office Administrator;United States;New York;New York;FALSE;English;Human Resources Employee;Human Resources Employee;Personnel and Labour Experts;Legal, Human Resources and Social Services;FALSE;Legal, Risk & HR;HR
54;72939043-4654-413a-9087-d155a1ebe738;9;01/01/2022;01/12/2022;IncrediBuild;Senior Software Engineer;Israel;;;TRUE;English;Software Engineer;Software Engineer;Programmers;Information and Communication Technology;FALSE;Digital & Analytics;IT
55;2a9a1870-233c-410b-bbc8-e05a80de1044;3;01/02/2023;;IncrediBuild;Business Ops. Operations;Israel;;;FALSE;;;;;;FALSE;;
56;cf325720-9fe9-4dd6-990f-0b8efe95c5eb;10;01/03/2022;;IncrediBuild;Director Business Development;Israel;;;FALSE;;;;;;TRUE;Marketing & Sales;Sales
57;886cda37-87e0-4f3e-8d3d-6b49cf9a1b4a;2;01/09/2020;01/02/2022;IncrediBuild;System Administrator;Israel;;;TRUE;English;System Administrator;System Administrator;System and Application Administrators;Information and Communication Technology;FALSE;;
58;46798859-e47c-4e1b-8f26-ec6cc94082cc;2;01/07/2016;;IncrediBuild;Programmer;Israel;Tel Aviv;;TRUE;English;Programmer (other);Programmer (other);Programmers;Information and Communication Technology;FALSE;Digital & Analytics;IT
59;e9a37760-b833-4837-aaaa-21e0e74e360d;5;01/01/2016;01/01/2018;IncrediBuild;Head Marketing;Israel;;;FALSE;English;Head of Marketing;Head of Marketing;Communication, Marketing and Public Relations Managers;Communication, Marketing and Public Relations;FALSE;Marketing & Sales;Marketing
60;8a833d18-3bf6-483e-b4cf-77ffae733870;8;01/04/2022;;IncrediBuild;Customer Success Manager;Israel;;;FALSE;English;Customer Service Manager;Customer Service Manager;Heads of Administration and Customer Services;Administration and Customer Service;TRUE;Marketing & Sales;Sales
61;8354c50b-ba15-428c-9b32-c238fb835681;1;01/07/2018;01/08/2018;IncrediBuild;Data Searcher;Israel;;;TRUE;;;;;;FALSE;Digital & Analytics;Analytics
62;acaa94a3-f4a1-488f-b337-4e29bf16055c;9;01/11/2022;;IncrediBuild;Head Of Channels, Americas;United States;;;FALSE;;;;;;TRUE;;
63;48e13ce0-058d-4aa2-b7ab-a76a5d1ef2fa;10;01/02/2023;;IncrediBuild;Account Executive;United States;;;FALSE;English;Salesperson;Salesperson;Sellers;Sales and Trading;FALSE;Marketing & Sales;Sales
64;6ccb386f-2dbd-4781-a914-5f8ee9f7d37e;11;01/07/2023;;IncrediBuild;Account Executive;Israel;;;FALSE;English;Business Adviser;Business Adviser;Insurance & Finance Advisors;Insurance and Finance;FALSE;Marketing & Sales;Sales
65;f7e695ab-d0d8-40b6-bbe1-55e5c00e96e2;11;01/07/2021;01/01/2022;IncrediBuild;Recruiter;Israel;Tel Aviv;;FALSE;English;Recruiter;Recruiter;Personnel and Labour Experts;Legal, Human Resources and Social Services;FALSE;Legal, Risk & HR;HR
66;ed3821f6-d957-418a-be98-7e0d6b1a49b3;12;01/01/2023;;IncrediBuild;VP R&D;Israel;Tel Aviv;;FALSE;English;R&D Manager;R&D Manager;Engineering Managers;Engineering;TRUE;;
67;79658443-96a2-41ca-b187-6cc369d3f1ba;7;01/06/2019;01/07/2021;IncrediBuild;Financial Controller;Israel;Tel Aviv;;FALSE;English;Financial Controller;Financial Controller;Insurance & Finance Managers;Insurance and Finance;FALSE;Finance;Finance
68;32dfd36e-16dd-417f-990d-5010708d229b;8;01/04/2023;;IncrediBuild;Account Executive;Israel;Tel Aviv;;FALSE;English;Account Manager (other);Account Manager (other);Business Services Account Managers;Sales and Trading;FALSE;Marketing & Sales;Sales
69;5910c67a-63ce-42e2-9df0-9998b0bf2182;4;01/05/2020;01/06/2021;IncrediBuild;Bookkeeper;Israel;;;FALSE;English;Bookkeeper;Bookkeeper;Financial-administrative Personnel;Administration and Customer Service;FALSE;Finance;Finance
70;e99e55bc-3148-4148-807b-c93cb122b30c;6;01/11/2021;01/05/2023;IncrediBuild;Senior Enterprise Sales Development Representative;Israel;Tel Aviv;;FALSE;English;Sales Manager;Sales Manager;Sales Managers;Sales and Trading;FALSE;;
71;f9ae2550-2f44-4539-bb82-1033a7547f67;1;01/04/2022;01/01/2023;IncrediBuild;Solution Integration Engineer;Israel;Tel Aviv;;FALSE;;;;;;FALSE;Digital & Analytics;IT
72;777e53f8-6105-406a-94df-1628614d2337;4;01/07/2018;01/06/2020;IncrediBuild;Account Executive;Israel;;;FALSE;English;Account Manager (other);Account Manager (other);Business Services Account Managers;Sales and Trading;FALSE;Marketing & Sales;Sales
73;666d4425-fa89-4729-8d5e-6e2a8af0126c;6;01/11/2019;;IncrediBuild;Marketing and Go to Market Strategy Advisor;Israel;;;FALSE;;;;;;FALSE;Marketing & Sales;Marketing
74;85848f88-e78a-433f-b378-38ac8b8a4d7a;11;01/01/2021;;IncrediBuild;Dev Advocate;Israel;;;FALSE;;;;;;FALSE;;
75;dec940df-a26d-4659-a2a5-8999e437325e;10;01/03/2020;01/10/2021;IncrediBuild;Global Solution Architects Manager;Israel;;;FALSE;;;;;;TRUE;Marketing & Sales;Sales
76;9fb70fb5-29c2-419d-bc0d-962eb0ea30d5;9;01/01/2021;01/02/2023;IncrediBuild;Vice President, Information Technologies;Israel;;;TRUE;;;;;;TRUE;Marketing & Sales;Marketing
77;cdd35671-80fe-43c1-a298-784767752b81;11;01/02/2022;;IncrediBuild;Business Operations Manager;Israel;;;FALSE;;;;;;TRUE;Operations;Operations
78;8e4f60b1-3582-4ad4-a893-e2f6a1385720;4;01/03/2015;01/02/2020;IncrediBuild;Regional Account Manager;Israel;;;FALSE;English;Chief Executive Officer;Chief Executive Officer;General Directors;Management, Policy and Governance;FALSE;;
79;13c6ce92-407d-44ba-9ed8-de19b3b4726b;5;01/09/2010;01/01/2013;IncrediBuild;Account Manager;Israel;Tel Aviv;;FALSE;English;Account Manager (other);Account Manager (other);Business Services Account Managers;Sales and Trading;FALSE;Marketing & Sales;Sales
8,00E+01;32e5465b-7cc9-47af-a6c2-32e939c24bbc;8;01/05/2021;;IncrediBuild;Director Of R&D At Incredibuild;Israel;Tel Aviv;;FALSE;;;;;;TRUE;;
81;fe3cb98a-ec96-43b3-904b-88be0c355371;4;01/10/2020;01/08/2021;IncrediBuild;Chief Operating Officer;Israel;;;FALSE;English;Chief Operating Officer (COO);Chief Operating Officer (COO);General Directors;Management, Policy and Governance;TRUE;;
82;98f56f65-e782-4f98-b3d5-826e873a412a;11;01/01/2020;01/04/2022;IncrediBuild;Customer Success Group Manager;Israel;;;FALSE;English;Customer Manager;Customer Manager;Heads of Administration and Customer Services;Administration and Customer Service;TRUE;Marketing & Sales;Sales
83;2f7c3ac7-a3ba-4acf-914c-1c3654108619;5;01/03/2020;01/12/2020;IncrediBuild;Inside Sales Representative;Japan;;;FALSE;English;Manager Inside Sales;Manager Inside Sales;Sales Managers;Sales and Trading;FALSE;Marketing & Sales;Sales
84;c611dd0f-4b8d-426a-97f4-d23dee2c36e4;5;01/10/2017;01/12/2018;IncrediBuild;Manager;Japan;;;FALSE;English;IT Manager;IT Manager;IT Managers;Information and Communication Technology;TRUE;;
85;48ada358-9c6a-41dd-b8cd-0a7fafcd150f;9;01/12/2022;;IncrediBuild;Senior Channel Sales Manager;Japan;Tokyo;;FALSE;Japanese;Personnel Manager;Personnel Manager;Labour Managers;Legal, Human Resources and Social Services;FALSE;Marketing & Sales;Sales
86;1fdc3081-080b-4833-817c-f1f7eb319478;8;01/12/2022;;IncrediBuild;Head Of Apac Marketing;China;Sichuan;;FALSE;;;;;;TRUE;Marketing & Sales;Marketing
87;e6c94ee9-dbd3-4d10-b05c-d69b93bbd730;3;01/10/2018;;IncrediBuild;Business Opreation Manager;China;;;FALSE;;;;;;TRUE;;
88;1fdc3081-080b-4833-817c-f1f7eb319478;7;01/01/2020;01/12/2022;IncrediBuild;Head Of China Marketing;China;Sichuan;;FALSE;English;Head of Marketing;Head of Marketing;Communication, Marketing and Public Relations Managers;Communication, Marketing and Public Relations;TRUE;Marketing & Sales;Marketing
89;6273da00-758b-4066-be85-b38dfd81b060;7;01/03/2022;;IncrediBuild;Customer Success Operations (CSOps);Israel;Tel Aviv;;FALSE;;;;;;FALSE;Operations;Operations
90;a49caab5-52b5-45fe-a264-e2e959411a8f;4;01/01/2021;01/06/2023;IncrediBuild;Recruiter;Israel;Tel Aviv;;FALSE;English;Recruiter;Recruiter;Personnel and Labour Experts;Legal, Human Resources and Social Services;FALSE;Legal, Risk & HR;HR
91;7f1b9ea0-07d4-44b6-8858-2cb2864f10f1;5;01/07/2021;01/12/2021;IncrediBuild;Business Development Manager;Israel;Tel Aviv;;FALSE;English;Business Development Manager;Business Development Manager;Sales Managers;Sales and Trading;TRUE;Marketing & Sales;Sales
92;fa92823e-ccc3-432d-93c8-5eb34939c4ca;6;01/01/2021;01/02/2022;IncrediBuild;SDR Manager;Israel;Tel Aviv;;FALSE;;;;;;TRUE;;
93;58fc96b7-6f31-4bd8-a427-cc7ab491a8fb;2;01/11/2020;01/12/2021;IncrediBuild;Inside Sales Representative;Israel;;;FALSE;English;Commercial Field Employee;Commercial Field Employee;Commercial Personnel and Telemarketers;Sales and Trading;FALSE;Marketing & Sales;Sales
94;e40bde33-2e5a-4817-93ee-b68817f6a9c4;4;01/11/2022;;IncrediBuild;Qa Engineer;Israel;Tel Aviv;;FALSE;English;Quality Assurance Engineer;Quality Assurance Engineer;Business Administration and Engineering Experts;Engineering;FALSE;Digital & Analytics;IT
95;626d5213-28f1-40e8-996b-9ab195bcd7ca;5;01/07/2019;01/10/2020;IncrediBuild;Systems Administrator/IT Manager;Israel;;;FALSE;;;;;;TRUE;Digital & Analytics;IT
96;885c8980-2174-4df6-8839-009cb9abaeec;5;01/01/2022;;IncrediBuild;Senior Software Engineer;Israel;Tel Aviv;;TRUE;English;Software Engineer;Software Engineer;Programmers;Information and Communication Technology;FALSE;Digital & Analytics;IT
97;48716840-9610-46e6-95c4-873003c8079a;7;01/09/2021;;IncrediBuild;Lead Developer;Israel;;;TRUE;English;IT Manager;IT Manager;IT Managers;Information and Communication Technology;TRUE;;
98;d35c303d-73f2-4b0f-b19a-66b9c8d0c631;4;01/10/2022;01/04/2023;IncrediBuild;Senior Salesforce Business Analyst;Israel;Tel Aviv;;FALSE;;;;;;FALSE;;
99;06f8d9c0-7dff-4d40-b4de-fffd4d1df935;11;01/06/2019;01/03/2022;IncrediBuild;Director Of Sales, Na;Israel;;;FALSE;;;;;;FALSE;;
100;8dc05f01-5252-49bb-8185-dcc5630f3e9e;7;01/05/2020;;IncrediBuild;Sales Operations/Customer Success Operations;Israel;;;FALSE;;;;;;FALSE;;
101;6273da00-758b-4066-be85-b38dfd81b060;5;01/03/2020;01/03/2021;IncrediBuild;Customer Success Manager;Israel;Tel Aviv;;FALSE;English;Customer Manager;Customer Manager;Heads of Administration and Customer Services;Administration and Customer Service;TRUE;Marketing & Sales;Sales
102;9a0b9986-8622-46e7-bf01-4a3fa73bd43e;15;01/08/2022;;IncrediBuild;Data Engineer;Israel;Tel Aviv;;TRUE;English;Information Engineer;Information Engineer;System Developers and Analysts;Information and Communication Technology;FALSE;Digital & Analytics;IT
103;c5b8c985-66e9-43cb-8019-6c300707bb30;3;01/03/2017;01/02/2019;IncrediBuild;Regional Account Manager;Israel;Tel Aviv;;FALSE;English;Chief Executive Officer;Chief Executive Officer;General Directors;Management, Policy and Governance;FALSE;;
104;aa782172-9397-44ea-8ba4-717b6d8b7a84;6;01/11/2019;01/11/2021;IncrediBuild;Qa Engineer;Israel;Tel Aviv;;FALSE;English;Quality Assurance Engineer;Quality Assurance Engineer;Business Administration and Engineering Experts;Engineering;FALSE;Digital & Analytics;IT
105;3a5bbd76-e905-40e4-b62c-2c76cb293eeb;3;01/10/2021;01/12/2022;IncrediBuild;Senior Sales Consultant;Israel;;;FALSE;English;Business Development Manager;Business Development Manager;Sales Managers;Sales and Trading;FALSE;;
106;2ee2290e-ab78-4700-9d39-5cd30a3c6195;5;01/03/2021;01/09/2021;IncrediBuild;Technical Support Engineer;Israel;Tel Aviv;;TRUE;English;Technical Support Specialist;Technical Support Specialist;Support Staff;Information and Communication Technology;FALSE;;
107;b1a2222a-a39d-4c0a-b616-27743f4ae7d0;6;01/05/2021;;IncrediBuild;Senior Software Engineering;Israel;;;TRUE;English;Software Engineer;Software Engineer;Programmers;Information and Communication Technology;FALSE;Digital & Analytics;IT
108;fa92823e-ccc3-432d-93c8-5eb34939c4ca;8;01/02/2022;;IncrediBuild;Global Director Of Sales Development;Israel;;;FALSE;;;;;;FALSE;Marketing & Sales;Sales
109;a962423e-8f43-4698-b732-030978cdf1fe;6;01/10/2022;;IncrediBuild;HRBP;Israel;Tel Aviv;;FALSE;;;;;;FALSE;;
110;3d011eee-f3f6-4bba-aa58-f1dbbe063f8e;9;01/01/2020;01/01/2021;IncrediBuild;Sales Executive;Israel;;;FALSE;English;Sales Manager;Sales Manager;Sales Managers;Sales and Trading;FALSE;Marketing & Sales;Sales
111;11c3c131-d21c-424b-8d74-7a30f6d7267c;5;01/10/2020;01/07/2022;IncrediBuild;Customer Success Manager;Israel;;;FALSE;English;Customer Manager;Customer Manager;Heads of Administration and Customer Services;Administration and Customer Service;TRUE;Marketing & Sales;Sales
112;d889757b-4b94-4875-a50f-df7507261956;9;01/08/2021;;IncrediBuild;Senior Software Engineer;Israel;Tel Aviv;;TRUE;English;Software Engineer;Software Engineer;Programmers;Information and Communication Technology;FALSE;Digital & Analytics;IT
113;75ccec69-c474-437f-8cd9-cf89f9b203cf;13;01/04/2022;;IncrediBuild;Head Of Global Expansions;Israel;;;FALSE;;;;;;TRUE;Legal, Risk & HR;HR
114;fa5b3100-ca94-4f53-a21a-b880f98c0686;3;01/08/2012;01/09/2019;IncrediBuild;Office & Event Manager;Israel;Tel Aviv;;FALSE;;;;;;TRUE;Other;Other
115;b2b9495a-afb0-4fef-9f51-3020ed78c840;2;01/03/2022;;IncrediBuild;Specialist;Israel;Tel Aviv;;FALSE;English;IT Specialist;IT Specialist;Consultants and Specialists;Information and Communication Technology;FALSE;;
116;dec940df-a26d-4659-a2a5-8999e437325e;11;01/11/2021;;IncrediBuild;Global Solution Architects Director;Israel;Tel Aviv;;FALSE;;;;;;TRUE;;
117;44548fb2-181f-4bb1-ac72-c4883a005370;9;01/01/2021;01/07/2022;IncrediBuild;Business Development Officer;Israel;Tel Aviv;;FALSE;English;Business Development Manager;Business Development Manager;Sales Managers;Sales and Trading;TRUE;Marketing & Sales;Sales
118;96973e33-101b-420e-abd9-2e8c30080c5e;2;01/06/2015;01/08/2015;IncrediBuild;Marketing Intern;Israel;Tel Aviv;;FALSE;English;Intern;Intern;Other Professions;Other;FALSE;Marketing & Sales;Communications
119;6f0de393-caee-402e-a227-ac496a2867a0;6;01/06/2021;;IncrediBuild;Solution Integration Engineer;Israel;Tel Aviv;;FALSE;;;;;;FALSE;Digital & Analytics;IT
120;abd71b9e-3a04-4a71-922f-9d6cbe9b5f57;4;01/09/2021;01/04/2023;IncrediBuild;Product Manager;Israel;;;TRUE;English;Product Manager;Product Manager;Communication, Marketing and Public Relations Managers;Communication, Marketing and Public Relations;TRUE;Marketing & Sales;Marketing
121;8b4f054c-ae34-4836-a891-8baf8c4e1e2f;10;01/03/2022;;IncrediBuild;Product Marketing Manager;Israel;;;TRUE;English;Film Director;Film Director;Directors and Producers;Arts, Culture and Media;TRUE;Marketing & Sales;Marketing
122;a7ab010c-7a01-445a-aee7-968473e0dea0;6;01/05/2022;;IncrediBuild;Corporate Account Manager;United States;California;Berkeley;FALSE;English;Account Manager (other);Account Manager (other);Business Services Account Managers;Sales and Trading;FALSE;;
123;bd56c87f-76ad-43b7-9dd6-767445a5f6db;4;01/02/2019;;IncrediBuild;Technical Sales Representative;China;;;TRUE;English;Sales Manager;Sales Manager;Sales Managers;Sales and Trading;FALSE;Marketing & Sales;Sales
124;639be002-9dc7-4fbd-8a6c-dfc25e914c44;6;01/01/2014;01/01/2016;IncrediBuild;Head Marketing;Israel;Tel Aviv;;FALSE;English;Head of Marketing;Head of Marketing;Communication, Marketing and Public Relations Managers;Communication, Marketing and Public Relations;FALSE;Marketing & Sales;Marketing
125;c6275cdf-374a-4d66-bfca-87a578bfcb01;9;01/08/2022;;IncrediBuild;Technical Architect;Israel;;;TRUE;English;System Architect;System Architect;System Developers and Analysts;Information and Communication Technology;FALSE;Digital & Analytics;IT
126;0d8b381c-7b9e-46f3-b23b-69915bf93999;4;01/02/2021;01/10/2022;IncrediBuild;Business Analyst;Israel;;;FALSE;English;E-Business Analyst;E-Business Analyst;System Developers and Analysts;Information and Communication Technology;FALSE;Digital & Analytics;Analytics
127;c65ab659-22eb-4203-a9d7-b8195092800e;12;01/01/2022;;IncrediBuild;Vice President Marketing;Israel;Tel Aviv;;FALSE;English;Production (other);Production (other);Production (other);Production;TRUE;Marketing & Sales;Marketing
128;9e5a48c9-4ec9-4e84-813c-760da53cf960;3;01/12/2021;;IncrediBuild;Software QA Team Lead;Israel;;;TRUE;;;;;;TRUE;Digital & Analytics;IT
129;7acbcc8f-8cca-4c83-a01f-d00e3596cad6;6;01/09/2022;;IncrediBuild;Operations Analyst;Israel;;;FALSE;English;Business Analyst;Business Analyst;Management Analysts and Consultants;Management, Policy and Governance;FALSE;Operations;Operations
130;83024c5a-dfc8-491b-b18b-0f9092ea0a70;5;01/01/2023;;IncrediBuild;Sales Supervisor;Israel;Tel Aviv;;FALSE;English;Sales Manager;Sales Manager;Sales Managers;Sales and Trading;FALSE;Operations;Operations
131;1880ba04-49d3-412f-a72d-fa71b1180951;6;01/07/2022;;IncrediBuild;Senior Software Engineer;Israel;Tel Aviv;;TRUE;English;Software Engineer;Software Engineer;Programmers;Information and Communication Technology;FALSE;Digital & Analytics;IT
132;29bad80a-474c-42ad-b3eb-ad28ecbe6765;2;01/08/2021;;IncrediBuild;Software Developer;Israel;;;TRUE;English;Software Engineer;Software Engineer;Programmers;Information and Communication Technology;FALSE;Digital & Analytics;IT
133;e57bb830-a83a-43f7-88df-87ce64a540f2;4;01/03/2021;01/12/2021;IncrediBuild;Fellow;Israel;;;FALSE;;;;;;FALSE;Operations;Operations
134;4f3ce7ba-c8f7-4578-9e8f-db52e5d40cc6;11;01/01/2022;;IncrediBuild;Content Manager;Israel;Tel Aviv;;FALSE;English;Web Editor;Web Editor;Journalists and Editors;Arts, Culture and Media;TRUE;;
135;4e033368-02b2-47b0-9a45-cbcedaaacf2b;12;01/06/2022;;IncrediBuild;Technical Customer Success Manager;United Kingdom;;;TRUE;English;Technical Manager;Technical Manager;Installation, Repair, and Maintenance Heads/managers;Installation, Repair and Maintenance;TRUE;Marketing & Sales;Sales
136;79e37ebd-f26b-4a5c-b10e-b221cb9ac823;7;01/03/2022;;IncrediBuild;Marketing Operations Manager;Israel;;;FALSE;English;Head of Marketing;Head of Marketing;Communication, Marketing and Public Relations Managers;Communication, Marketing and Public Relations;TRUE;Marketing & Sales;Marketing
137;b8c71b59-da3b-4dc2-8874-4f47bdc62eec;6;01/06/2022;;IncrediBuild;Business Operations Manager;Israel;;;FALSE;English;Chief Operating Officer (COO);Chief Operating Officer (COO);General Directors;Management, Policy and Governance;TRUE;Operations;Operations
138;61d090a9-7d5d-47e5-ba76-76a61d0aa8ef;7;01/01/2021;;IncrediBuild;Quality Assurance Manager;Israel;Tel Aviv;;FALSE;English;Quality Assurance (QA) Manager;Quality Assurance (QA) Manager;Production Managers;Production;TRUE;Legal, Risk & HR;Risk and Compliance
139;e73a87dd-68a3-4b33-9174-d66f4348d563;5;01/03/2022;;IncrediBuild;Data Enrichment Researcher;Israel;;;TRUE;;;;;;FALSE;Operations;Operations
140;0d8b381c-7b9e-46f3-b23b-69915bf93999;6;01/01/2023;;IncrediBuild;Business Analyst;Israel;;;FALSE;English;E-Business Analyst;E-Business Analyst;System Developers and Analysts;Information and Communication Technology;FALSE;Digital & Analytics;Analytics
141;77f25bbd-c0d1-43e1-a6dc-a3b3be5ab857;6;01/09/2018;01/04/2022;IncrediBuild;Product Marketing Manager;Israel;Tel Aviv;;TRUE;English;Product Manager;Product Manager;Communication, Marketing and Public Relations Managers;Communication, Marketing and Public Relations;TRUE;Marketing & Sales;Marketing
142;1240e3dc-669d-474e-aaf3-8e69d06b58b1;2;01/09/2022;01/03/2023;IncrediBuild;Administrative Manager;Israel;Tel Aviv;;FALSE;English;Administration Manager;Administration Manager;Heads of Administration and Customer Services;Administration and Customer Service;TRUE;Legal, Risk & HR;HR
143;c21d7eac-de6b-4599-beef-b98fcb8063cd;12;01/06/2022;;IncrediBuild;Technical Support Manager;Israel;Tel Aviv;;TRUE;English;Technical Support Manager;Technical Support Manager;IT Coordinators;Information and Communication Technology;TRUE;Digital & Analytics;IT
144;7ffce566-aa03-4e04-bde5-fa8f9800433e;4;01/02/2022;;IncrediBuild;Technical Customer Success Manager;Israel;Tel Aviv;;TRUE;English;Technical Manager;Technical Manager;Installation, Repair, and Maintenance Heads/managers;Installation, Repair and Maintenance;TRUE;Marketing & Sales;Sales
145;873d8eed-6ff6-4122-a8c6-0f31b7d24b44;6;01/04/2021;;IncrediBuild;Business Development Officer;Israel;;;FALSE;English;Business Development Manager;Business Development Manager;Sales Managers;Sales and Trading;TRUE;Marketing & Sales;Sales
146;30ccf959-0453-4a65-bd44-66e5b5725697;5;01/12/2019;;IncrediBuild;Cloud Developer;Israel;;;TRUE;English;Programmer C, C++;Programmer C, C++;Programmers;Information and Communication Technology;FALSE;Digital & Analytics;IT
147;ee7cfdcf-e32b-4945-90b6-05b1afb1460a;7;01/09/2019;01/01/2020;IncrediBuild;Technical Support Engineer;Japan;Tokyo;;TRUE;English;Technical Support Specialist;Technical Support Specialist;Support Staff;Information and Communication Technology;FALSE;;
148;b4840eab-987d-436b-878f-b71f1f678daa;4;01/01/2021;;IncrediBuild;Office Manager;Japan;;;FALSE;English;Office Manager;Office Manager;Heads of Administration and Customer Services;Administration and Customer Service;TRUE;Operations;Operations
149;cb8722b5-af54-4b6c-8d88-4e088d6e0aaf;7;01/08/2022;;IncrediBuild;Senior Cloud Sales Manager;United States;California;San Francisco;FALSE;;;;;;FALSE;Other;Other
150;1fdc3081-080b-4833-817c-f1f7eb319478;6;01/05/2019;01/12/2019;IncrediBuild;Marketing Consultant;China;Sichuan;;FALSE;English;Marketing Adviser;Marketing Adviser;Marketing and Advertising Personnel;Communication, Marketing and Public Relations;FALSE;Marketing & Sales;Marketing
151;017bb0ff-d2be-46c8-b788-8de70de69d7e;8;01/02/2019;01/03/2022;IncrediBuild;Incredibuild China Gm;Israel;Tel Aviv;;FALSE;;;;;;FALSE;;
152;fffdc729-cfc7-4147-955f-df430b0c01bb;8;01/11/2021;;IncrediBuild;Senior Developer;Israel;Tel Aviv;;TRUE;English;Software Engineer;Software Engineer;Programmers;Information and Communication Technology;FALSE;Digital & Analytics;IT
153;2586fd76-9448-4b3d-ab63-48c48d340c8b;10;01/02/2021;01/09/2021;IncrediBuild;Senior Fullstack Engineer At Incredibuild;Israel;Tel Aviv;;FALSE;;;;;;FALSE;Digital & Analytics;IT
154;c62ec098-fb6d-4ca2-9995-53630bfd0b4a;4;01/06/2022;;IncrediBuild;Accounting Manager;Israel;;;FALSE;English;Assistant Controller;Assistant Controller;Accountants;Insurance and Finance;TRUE;Finance;Finance
155;d19fc067-8b2b-469d-8434-839ac9e7bb3b;2;01/05/2019;01/04/2021;IncrediBuild;Account Executive;Israel;;;FALSE;English;Sales Manager;Sales Manager;Sales Managers;Sales and Trading;FALSE;Marketing & Sales;Sales
156;2f953518-2571-4a7f-9e86-1c31a113a1ea;13;01/02/2019;01/12/2022;IncrediBuild;Vice President Sales;Israel;Tel Aviv;;FALSE;;;;;;FALSE;Marketing & Sales;Sales
157;fc4af9a7-4165-47b8-9db1-45894382d6be;4;01/05/2017;01/07/2019;IncrediBuild;Devops & Automation Team Lead;Israel;Tel Aviv;;TRUE;;;;;;TRUE;;
158;42ead09e-4c66-4070-b741-e5cc67543cc4;5;01/01/2022;;IncrediBuild;Director of System Engineering;Israel;Tel Aviv;;FALSE;English;Engineering Manager;Engineering Manager;Engineering Managers;Engineering;TRUE;Other;Other
159;2fb5639b-0476-45ec-8840-eb366faf6d20;3;01/04/2022;;IncrediBuild;Quality Assurance Engineer;Israel;;;FALSE;English;Quality Assurance Engineer;Quality Assurance Engineer;Business Administration and Engineering Experts;Engineering;FALSE;Legal, Risk & HR;Risk and Compliance
160;b80d0210-a24e-4e1c-aba0-da506011966e;8;01/02/2023;;IncrediBuild;Chief Human Resources Officer (CHRO);Israel;Tel Aviv;;FALSE;;;;;;TRUE;Legal, Risk & HR;HR
161;fbcccb68-3511-4df8-93de-6d59c848c4c2;10;01/04/2021;01/04/2022;IncrediBuild;Application Consultant;Israel;;;TRUE;English;Solutions Architect;Solutions Architect;System Developers and Analysts;Information and Communication Technology;FALSE;Digital & Analytics;IT
162;d3aa4910-3740-42b2-9740-090bdff10c51;5;01/01/2022;01/04/2022;IncrediBuild;Business Development Officer;Israel;;;FALSE;English;Business Development Manager;Business Development Manager;Sales Managers;Sales and Trading;TRUE;Marketing & Sales;Sales
163;7f412f18-fa84-404b-806f-7292b2183135;12;01/10/2022;;IncrediBuild;Solutions Architect;United States;New York;New York;FALSE;English;Solutions Architect;Solutions Architect;System Developers and Analysts;Information and Communication Technology;FALSE;Digital & Analytics;IT
164;feb223d3-0c8f-4dba-a213-60c40e1a32dd;6;01/01/2023;;IncrediBuild;Vp Global Tech & Solutions;United States;;;TRUE;;;;;;TRUE;;
165;e0226d0d-defe-47f8-b830-89b5502b40a8;9;01/03/2021;01/01/2023;IncrediBuild;Regional Sales Manager;United States;New York;New York;FALSE;English;Sales Manager;Sales Manager;Sales Managers;Sales and Trading;FALSE;Marketing & Sales;Sales
166;bdbdf594-f7bd-4025-a818-1fd614e0e46c;8;01/09/2022;;IncrediBuild;Product Marketing Manager;Israel;;;TRUE;English;Product Manager;Product Manager;Communication, Marketing and Public Relations Managers;Communication, Marketing and Public Relations;TRUE;Marketing & Sales;Marketing
167;6cb2765f-0cb1-4495-8f4b-74dac6b48efe;7;01/07/2013;01/04/2015;IncrediBuild;Senior Technical Professional Services;Israel;Tel Aviv;;TRUE;English;Technical Employee;Technical Employee;Installation, Repair and Maintenance (other);Installation, Repair and Maintenance;FALSE;Operations;Administration
168;f8edffb4-394d-40db-8337-349daf69bfeb;4;01/10/2011;01/04/2018;IncrediBuild;Director Of Professional Services And Qa;Israel;;;FALSE;;;;;;TRUE;Operations;Administration
169;751faeea-20ab-4fb3-a0e3-125533a27def;4;01/07/2021;;IncrediBuild;Sales Analyst;Israel;Tel Aviv;;FALSE;English;Business Analyst;Business Analyst;Management Analysts and Consultants;Management, Policy and Governance;FALSE;Marketing & Sales;Marketing
170;0947e573-9f6e-43b3-bb2e-80a078ad5ce0;9;01/04/2022;;IncrediBuild;Product Manager;Israel;Tel Aviv;;TRUE;English;Market Analyst;Market Analyst;Marketing and Advertising Personnel;Communication, Marketing and Public Relations;TRUE;Marketing & Sales;Marketing
171;4effd0bb-c8bf-413b-bf8a-dd3a1d9f2bfe;3;01/04/2013;01/09/2014;IncrediBuild;Account Manager;Israel;Tel Aviv;;FALSE;English;Account Manager (other);Account Manager (other);Business Services Account Managers;Sales and Trading;FALSE;Marketing & Sales;Sales
172;f8edffb4-394d-40db-8337-349daf69bfeb;5;01/04/2018;01/12/2019;IncrediBuild;Customer Success Manager;Israel;;;FALSE;English;Customer Service Manager;Customer Service Manager;Heads of Administration and Customer Services;Administration and Customer Service;TRUE;Marketing & Sales;Sales
173;9e5a48c9-4ec9-4e84-813c-760da53cf960;2;01/07/2021;01/12/2021;IncrediBuild;Software QA Automation Engineer;Israel;;;TRUE;;;;;;FALSE;Digital & Analytics;IT
174;6d85a84f-95ad-4b45-bb5c-c8cff66a3d51;5;01/01/2016;01/06/2019;IncrediBuild;Country Manager 代表取締役;Japan;Tokyo;;FALSE;;;;;;TRUE;;
175;0f5ce24a-e6fc-4853-b038-9175d4977e98;4;01/07/2019;01/07/2021;IncrediBuild;Director Client Services;Japan;Tokyo;;FALSE;Japanese;営業マネージャー（その他）;Account Manager (other);Business Services Account Managers;Sales and Trading;TRUE;Marketing & Sales;Marketing
176;78a5771a-61ee-4f66-bad4-5aebcef2725f;6;01/11/2022;;IncrediBuild;Senior Delphi Developer;Spain;;;TRUE;Spanish;Desarrollador .NET;.net Developer;Programmers;Information and Communication Technology;FALSE;Digital & Analytics;IT
177;87cc0397-860f-4f1b-9df8-72acd155bedb;11;01/03/2022;01/07/2022;IncrediBuild;Senior Sales Consultant;United States;New York;New York;FALSE;English;Business Development Manager;Business Development Manager;Sales Managers;Sales and Trading;FALSE;;
178;dcf94141-a943-467a-b327-22e72ae9f4ec;8;01/01/2021;;IncrediBuild;Technical Account Manager At Incredibuild;Israel;Tel Aviv;;TRUE;;;;;;FALSE;Marketing & Sales;Sales
179;cdd35671-80fe-43c1-a298-784767752b81;10;01/02/2021;01/02/2022;IncrediBuild;Operations Director;Israel;Tel Aviv;;FALSE;English;Chief Operating Officer (COO);Chief Operating Officer (COO);General Directors;Management, Policy and Governance;TRUE;Operations;Operations
180;7acbcc8f-8cca-4c83-a01f-d00e3596cad6;5;01/03/2022;01/09/2022;IncrediBuild;Data Enrichment Intern;Israel;Tel Aviv;;TRUE;;;;;;FALSE;;
181;5558f1f2-91e6-4527-9f9b-a1bca25e429b;6;01/02/2020;;IncrediBuild;Enterprise Csm;Israel;Tel Aviv;;FALSE;;;;;;FALSE;Digital & Analytics;IT
182;8e4f60b1-3582-4ad4-a893-e2f6a1385720;5;01/02/2020;;IncrediBuild;Technical Consultant;Israel;;;TRUE;English;Solutions Architect;Solutions Architect;System Developers and Analysts;Information and Communication Technology;FALSE;Digital & Analytics;IT
183;35b435df-dcb6-472a-b725-ecf5df304d47;9;01/02/2023;;IncrediBuild;Co Founder;Israel;;;FALSE;English;Chief Mate Commercial Shipping;Chief Mate Commercial Shipping;Sea Captains and Mates;Transport and Traffic;TRUE;Executive;Executive
1,84E+02;21e712d5-b89a-4d2b-ab4d-af64cbb8c198;3;01/11/2019;01/05/2020;IncrediBuild;Account Executive;Israel;;;FALSE;English;Account Manager (other);Account Manager (other);Business Services Account Managers;Sales and Trading;FALSE;Marketing & Sales;Sales
185;81d58865-ed93-470e-b4a1-fe3d5708cbb0;8;01/03/2021;;IncrediBuild;Director Finance;Israel;Tel Aviv;;FALSE;English;Financial Director;Financial Director;Financial Directors;Insurance and Finance;TRUE;Finance;Retail Banking
186;2bd8fae8-aecd-4db0-b86f-34d23372d6a6;6;01/05/2020;;IncrediBuild;Salesforce Platform Manager;Israel;Tel Aviv;;TRUE;;;;;;TRUE;;
187;8e4f60b1-3582-4ad4-a893-e2f6a1385720;3;01/10/2018;01/02/2020;IncrediBuild;SDR Team Lead;Israel;;;FALSE;;;;;;TRUE;;
188;f1b540fb-cff2-40f3-ba36-b30bb29a1dea;1;01/08/2021;;IncrediBuild;Qa Engineer;Israel;;;FALSE;English;Software Tester;Software Tester;IT Testers;Information and Communication Technology;FALSE;Digital & Analytics;IT
189;c0fd57e9-fd28-44ab-bf3f-958f6ec07d0a;4;01/07/2021;;IncrediBuild;Account Executive;Israel;;;FALSE;English;Salesperson;Salesperson;Sellers;Sales and Trading;FALSE;Marketing & Sales;Sales
190;285e3d31-e990-47f0-a0f3-6bba9280e18a;3;01/02/2021;01/05/2022;IncrediBuild;Business Development;Israel;Tel Aviv;;FALSE;English;Business Adviser;Business Adviser;Insurance & Finance Advisors;Insurance and Finance;FALSE;Marketing & Sales;Marketing
191;a3e18cfc-21a8-48da-9985-c6c28674d7d7;6;01/02/2020;;IncrediBuild;Senior Vice President Of Customer Success;Israel;Tel Aviv;;FALSE;;;;;;TRUE;;
192;077e74e5-b07f-4f41-b32d-eb00b8aeca6f;1;01/05/2022;;IncrediBuild;Solution Integration Engineer;Israel;Tel Aviv;;FALSE;;;;;;FALSE;Digital & Analytics;IT
193;ebe80d54-0480-4742-b78e-a29c37f3215c;4;01/05/2015;01/04/2019;IncrediBuild;Automation And Qa Developer;Israel;;;TRUE;;;;;;FALSE;Legal, Risk & HR;Risk and Compliance
194;ad0c00b5-99c3-4434-a4b9-a4130b0a7b19;9;01/08/2019;01/04/2022;IncrediBuild;Director Of Sales Row;Israel;;;FALSE;;;;;;FALSE;Marketing & Sales;Sales
195;8680e2f1-54ea-45e4-8683-9ca334c8f9a7;4;01/08/2019;01/03/2020;IncrediBuild;Office Manager;Israel;Tel Aviv;;FALSE;English;Office Manager;Office Manager;Heads of Administration and Customer Services;Administration and Customer Service;TRUE;Operations;Operations
196;3a5bbd76-e905-40e4-b62c-2c76cb293eeb;4;01/12/2022;01/04/2023;IncrediBuild;Customer Success Manager;Israel;;;FALSE;English;Customer Manager;Customer Manager;Heads of Administration and Customer Services;Administration and Customer Service;TRUE;Marketing & Sales;Sales
197;1ecba506-e5d5-45bf-85f0-4840a258851a;10;01/02/2021;01/08/2022;IncrediBuild;Customer Success Manager;Israel;;;FALSE;English;Customer Manager;Customer Manager;Heads of Administration and Customer Services;Administration and Customer Service;TRUE;Marketing & Sales;Sales
198;4f0cecdb-77af-409c-9c05-f824556f4904;6;01/12/2020;01/05/2021;IncrediBuild;Recruiter;Israel;Tel Aviv;;FALSE;English;Recruiter;Recruiter;Personnel and Labour Experts;Legal, Human Resources and Social Services;FALSE;Legal, Risk & HR;HR
199;43a94217-0417-425b-898e-adfa31ed7c85;5;01/10/2021;;IncrediBuild;Product Designer;Israel;Tel Aviv;;TRUE;English;Product Designer;Product Designer;Illustrators and Designers (3D);Arts, Culture and Media;FALSE;Operations;Operations
200;d3aa4910-3740-42b2-9740-090bdff10c51;6;01/04/2022;01/02/2023;IncrediBuild;Account Executive;Israel;Tel Aviv;;FALSE;English;Account Manager (other);Account Manager (other);Business Services Account Managers;Sales and Trading;FALSE;Marketing & Sales;Sales
201;6be4edeb-6acf-4f1e-a784-bd998190e32e;8;01/11/2022;;IncrediBuild;Product Manager;Israel;;;TRUE;English;Product Manager;Product Manager;Communication, Marketing and Public Relations Managers;Communication, Marketing and Public Relations;TRUE;Marketing & Sales;Marketing
202;bf9873b9-c89d-4570-9ff8-1d8bb7d432f5;8;01/06/2021;;IncrediBuild;Senior Software Engineer;Israel;Tel Aviv;;TRUE;English;Software Engineer;Software Engineer;Programmers;Information and Communication Technology;FALSE;Digital & Analytics;IT
203;88755c4a-9a59-4a77-ab96-c89989a7acc6;6;01/05/2022;;IncrediBuild;Recruiter;Israel;Tel Aviv;;FALSE;English;Recruitment Adviser;Recruitment Adviser;Personnel and Labour Experts;Legal, Human Resources and Social Services;FALSE;Legal, Risk & HR;HR
204;c412dd8b-a610-4685-93cd-4de0edbe0a4a;10;01/05/2021;01/02/2022;IncrediBuild;Regional Account Manager;United States;Texas;Houston;FALSE;English;Account Manager (other);Account Manager (other);Business Services Account Managers;Sales and Trading;FALSE;;
205;46ce842a-486b-4c94-9f13-4b816c689cca;6;01/03/2022;;IncrediBuild;Head of Sales, Americas;United States;;;FALSE;English;Head of Sales;Head of Sales;Sales Managers;Sales and Trading;FALSE;;
206;c412dd8b-a610-4685-93cd-4de0edbe0a4a;11;01/02/2022;;IncrediBuild;Corporate Account Manager;United States;California;;FALSE;English;Account Manager (other);Account Manager (other);Business Services Account Managers;Sales and Trading;FALSE;;
207;8b4f054c-ae34-4836-a891-8baf8c4e1e2f;9;01/09/2021;01/03/2022;IncrediBuild;Product Team Lead;Israel;;;TRUE;English;Process and Production Manager;Process and Production Manager;Production Managers;Production;TRUE;;
208;ef93a3f2-948a-4fe9-9f4e-03b6f65c0886;7;01/01/2019;01/08/2020;IncrediBuild;Senior Technical And Ux Writer;Israel;;;TRUE;;;;;;FALSE;Marketing & Sales;Communications
209;b069746f-5fcc-4004-82aa-f751e3a3b9ec;7;01/10/2021;01/05/2023;IncrediBuild;Customer Success Operations Manager;Israel;;;FALSE;English;Customer Service Manager;Customer Service Manager;Heads of Administration and Customer Services;Administration and Customer Service;TRUE;Operations;Operations
210;ad02d6d2-9c00-49aa-8c34-e09bc6f0b662;8;01/07/2021;;IncrediBuild;Software Team Leader;Israel;Tel Aviv;;TRUE;English;Team Leader Programming;Team Leader Programming;IT Coordinators;Information and Communication Technology;FALSE;Digital & Analytics;IT
211;191b0789-cf67-4d9d-98c3-23ace5c7886f;5;01/12/2021;;IncrediBuild;Digital Marketing Manager;Israel;Tel Aviv;;TRUE;English;Online Marketing Manager;Online Marketing Manager;Communication, Marketing and Public Relations Managers;Communication, Marketing and Public Relations;TRUE;Marketing & Sales;Marketing
212;e1e32bba-ff3c-41fe-b2b6-4d7d8b1be2a2;5;01/01/2017;01/10/2019;IncrediBuild;Qa Engineer;Israel;;;FALSE;English;Software Tester;Software Tester;IT Testers;Information and Communication Technology;FALSE;Digital & Analytics;IT
213;f02155c8-a65b-4370-87af-d71e06063a90;1;01/12/2022;;IncrediBuild;Qa Engineer;Israel;Tel Aviv;;FALSE;English;Quality Assurance Engineer;Quality Assurance Engineer;Business Administration and Engineering Experts;Engineering;FALSE;Digital & Analytics;IT
214;355572d0-ffba-4fe8-b4e5-77561c67b38b;8;01/08/2019;01/01/2021;IncrediBuild;Enterprise Account Executive - Us & Canada;Israel;Tel Aviv;;FALSE;;;;;;FALSE;Marketing & Sales;Marketing
215;27b55c8a-05d7-4fc4-b1c6-55ee01dbd37b;10;01/06/2022;;IncrediBuild;Non Executive Director;Israel;Tel Aviv;;FALSE;English;Manager;Manager;Management, Policy and Governance (other);Management, Policy and Governance;TRUE;Executive;Executive
216;fa5b3100-ca94-4f53-a21a-b880f98c0686;4;01/08/2012;;IncrediBuild;Operation & Employee Experience Manager;Israel;Tel Aviv;;FALSE;;;;;;TRUE;Legal, Risk & HR;HR
217;40cae498-f8a4-467c-bfcb-a78c524ef758;10;01/01/2021;;IncrediBuild;Executive advisor - Japan Business Development;Israel;;;FALSE;;;;;;FALSE;Executive;Executive
218;a4856173-1077-456a-bb04-6525e4973d2a;3;01/05/2018;01/04/2021;IncrediBuild;Board Member;Israel;;;FALSE;English;Board Member;Board Member;General Directors;Management, Policy and Governance;FALSE;;
219;5331fe93-74e4-4fc3-9ff3-1e96f276ea12;2;01/05/2021;01/12/2021;IncrediBuild;Senior Bookkeeper And Payroll Controller;Israel;;;FALSE;;;;;;FALSE;Legal, Risk & HR;HR
220;73d507ad-412a-4037-ba00-0d9f8c7b16b4;3;01/06/2021;;IncrediBuild;Office & Employee Experience Manager;Israel;;;FALSE;;;;;;TRUE;Legal, Risk & HR;HR
221;9a0b9986-8622-46e7-bf01-4a3fa73bd43e;12;01/11/2021;01/08/2022;IncrediBuild;Data Engineer;Israel;Tel Aviv;;TRUE;English;Information Engineer;Information Engineer;System Developers and Analysts;Information and Communication Technology;FALSE;Digital & Analytics;IT
222;c1367950-953e-4346-9420-5643496f2c76;7;01/08/2022;;IncrediBuild;Head Of Emea Sales;Israel;Tel Aviv;;FALSE;;;;;;FALSE;Marketing & Sales;Sales
223;0da17fc4-7fdb-4564-a521-d6d98b0237b2;4;01/12/2021;;IncrediBuild;Business Operations Manager;Israel;;;FALSE;English;Operations Manager;Operations Manager;Management, Policy and Governance (other);Management, Policy and Governance;TRUE;Operations;Operations
224;78902a2b-8f7c-4788-8ef4-f44f61278412;9;01/05/2023;;IncrediBuild;Account Manager;Japan;;;FALSE;Japanese;営業マネージャー（その他）;Account Manager (other);Business Services Account Managers;Sales and Trading;FALSE;Marketing & Sales;Sales
225;87cc0397-860f-4f1b-9df8-72acd155bedb;12;01/07/2022;;IncrediBuild;Account Executive;United States;New York;New York;FALSE;English;Account Manager (other);Account Manager (other);Business Services Account Managers;Sales and Trading;FALSE;Marketing & Sales;Sales
226;b655a6fd-9751-458f-9085-0ae1dc3b328f;5;01/07/2022;;IncrediBuild;Solutions Architect;China;Shanghai;;FALSE;English;Solutions Architect;Solutions Architect;System Developers and Analysts;Information and Communication Technology;FALSE;Digital & Analytics;IT
227;8a0b369a-d01b-4522-9414-94ada221aaae;8;01/01/2023;;IncrediBuild;Marketing Operations Manager;Israel;;;FALSE;English;Head of Marketing;Head of Marketing;Communication, Marketing and Public Relations Managers;Communication, Marketing and Public Relations;TRUE;Marketing & Sales;Marketing
228;73d507ad-412a-4037-ba00-0d9f8c7b16b4;4;01/06/2022;;IncrediBuild;Recruiter;Israel;Tel Aviv;;FALSE;English;Recruitment Adviser;Recruitment Adviser;Personnel and Labour Experts;Legal, Human Resources and Social Services;FALSE;Legal, Risk & HR;HR
229;5558f1f2-91e6-4527-9f9b-a1bca25e429b;7;01/02/2022;;IncrediBuild;Senior Enterprise Csm;Israel;;;FALSE;;;;;;FALSE;;
230;13024e5e-260a-4b20-af1a-f98c36142d87;10;01/02/2022;;IncrediBuild;Chief Marketing Officer;Israel;;;FALSE;English;Revenue Officer;Revenue Officer;Financial-administrative Personnel;Administration and Customer Service;TRUE;;
231;2150c5fa-2bf1-48e4-a840-54bd5b971278;2;01/05/2018;01/09/2019;IncrediBuild;Data Analyst;Israel;Tel Aviv;;TRUE;English;Data Analyst;Data Analyst;System Developers and Analysts;Information and Communication Technology;FALSE;Digital & Analytics;Analytics
232;383f600f-d480-45b3-bc01-9b9abe516efc;5;01/12/2019;01/06/2022;IncrediBuild;Senior Software Engineer;Israel;;;TRUE;English;Software Engineer;Software Engineer;Programmers;Information and Communication Technology;FALSE;Digital & Analytics;IT
233;890671c3-13b5-4cfc-8734-408e05a85432;8;01/03/2023;;IncrediBuild;Business Operations Manager;Israel;;;FALSE;English;Operations Manager;Operations Manager;Management, Policy and Governance (other);Management, Policy and Governance;TRUE;Operations;Operations
234;25f4aad8-a873-4e2c-b320-c848ec40a150;9;01/10/2022;;IncrediBuild;Technical Csm;Japan;;;TRUE;;;;;;FALSE;Operations;Operations
235;a20037d3-32a4-47cf-9019-f5e985d30605;3;01/09/2019;01/05/2021;IncrediBuild;Business Operations Manager;Japan;Tokyo;;FALSE;English;Operations Manager;Operations Manager;Management, Policy and Governance (other);Management, Policy and Governance;TRUE;Operations;Operations
236;02486692-857f-4136-bebd-f2d6a63f2f98;5;01/05/2023;;IncrediBuild;Marketing Event Coordinator;United States;New York;New York;FALSE;English;Sales and Marketing Manager;Sales and Marketing Manager;Communication, Marketing and Public Relations Managers;Communication, Marketing and Public Relations;FALSE;Other;Other
237;5f2ee110-7a3d-4205-bfad-0b219356c898;4;01/06/2021;;IncrediBuild;Solutions Architect;China;Sichuan;;FALSE;English;Solutions Architect;Solutions Architect;System Developers and Analysts;Information and Communication Technology;FALSE;Digital & Analytics;IT
238;a524fbde-e1d7-42bc-af71-c0a7aa4c47af;1;01/05/2014;01/05/2015;IncrediBuild;Product Manager;Israel;;;TRUE;English;Unknown;Unknown;Other Professions;Other;TRUE;Marketing & Sales;Marketing
239;192881fb-4106-4c62-bdf3-c55ca47dacf7;6;01/06/2022;;IncrediBuild;Product Marketing Manager;Israel;Tel Aviv;;TRUE;English;Product Marketer;Product Marketer;Marketing and Advertising Personnel;Communication, Marketing and Public Relations;TRUE;Marketing & Sales;Marketing
240;42ead09e-4c66-4070-b741-e5cc67543cc4;4;01/08/2011;01/12/2021;IncrediBuild;Senior Team Lead & System Architect;Israel;;;FALSE;;;;;;TRUE;;
241;57a25a50-def4-4fb0-adb2-ff6fbf8f323c;4;01/01/2007;01/01/2010;IncrediBuild;Vice President, Sales & Account Management;Israel;Tel Aviv;;FALSE;;;;;;FALSE;Marketing & Sales;Sales
242;69b6d619-9c8f-46cf-8e15-8bfb16cb3a04;7;01/02/2020;01/10/2021;IncrediBuild;Chief of Staff to the CEO;Israel;Tel Aviv;;FALSE;English;Manager;Manager;Management, Policy and Governance (other);Management, Policy and Governance;TRUE;Executive;Executive
243;11c3c131-d21c-424b-8d74-7a30f6d7267c;4;01/01/2014;01/10/2020;IncrediBuild;Senior Account Executive;Israel;;;FALSE;English;Account Manager (other);Account Manager (other);Business Services Account Managers;Sales and Trading;FALSE;Marketing & Sales;Marketing
244;a4bcd5d0-2074-47c4-96e9-5fe669528128;4;01/03/2018;01/03/2020;IncrediBuild;Qa Engineer;Israel;Tel Aviv;;FALSE;English;Quality Assurance Engineer;Quality Assurance Engineer;Business Administration and Engineering Experts;Engineering;FALSE;Digital & Analytics;IT
245;fa92823e-ccc3-432d-93c8-5eb34939c4ca;5;01/01/2020;01/12/2020;IncrediBuild;SDR Team Lead;Israel;Tel Aviv;;FALSE;;;;;;TRUE;;
246;efca3c22-0924-472e-9b39-6066c3323ed9;3;01/10/2021;;IncrediBuild;Communications Manager;Israel;Tel Aviv;;FALSE;English;Communication Manager;Communication Manager;Communication, Marketing and Public Relations Managers;Communication, Marketing and Public Relations;TRUE;Marketing & Sales;Communications
247;370172c7-1537-4763-8579-e39ab57e5d27;6;01/05/2020;;IncrediBuild;Salesforce Platform Manager;Israel;Tel Aviv;;TRUE;;;;;;TRUE;;
248;7cf5c35a-f19e-4ee8-b138-f1559eb8489d;6;01/01/2022;;IncrediBuild;Account Executive;Israel;;;FALSE;English;Business Adviser;Business Adviser;Insurance & Finance Advisors;Insurance and Finance;FALSE;Marketing & Sales;Sales
249;83024c5a-dfc8-491b-b18b-0f9092ea0a70;4;01/04/2019;01/01/2023;IncrediBuild;Sales Executive;Israel;Tel Aviv;;FALSE;English;Sales Manager;Sales Manager;Sales Managers;Sales and Trading;FALSE;Marketing & Sales;Sales
250;7677720c-fde5-4b3a-8708-cc2aecede81c;5;01/10/2021;;IncrediBuild;Account Manager SMB;Israel;Tel Aviv;;FALSE;English;Account Manager (other);Account Manager (other);Business Services Account Managers;Sales and Trading;FALSE;Marketing & Sales;Sales
251;57bcd78a-1dd3-4acb-93cc-6d78d99ada9a;6;01/04/2019;01/08/2022;IncrediBuild;Linux QA Tech lead;Israel;;;TRUE;;;;;;TRUE;Legal, Risk & HR;Risk and Compliance
252;5f559645-7f7b-49ac-94d5-7e16fad75a1f;9;01/12/2022;;IncrediBuild;Senior Software Engineer;Israel;Tel Aviv;;TRUE;English;Software Engineer;Software Engineer;Programmers;Information and Communication Technology;FALSE;Digital & Analytics;IT
253;37a2b2a9-2617-416f-b3d1-b03702aa96be;9;01/06/2021;01/09/2022;IncrediBuild;Qa Engineer;Israel;;;FALSE;English;Quality Assurance Engineer;Quality Assurance Engineer;Business Administration and Engineering Experts;Engineering;FALSE;Digital & Analytics;IT
254;937ed804-bf32-4783-bb18-7385c795d525;3;01/01/2016;01/04/2021;IncrediBuild;DevOps/Tech Support/CS Engineer;Israel;;;TRUE;;;;;;FALSE;;
255;e8f09163-51b1-4b4a-a651-13b84e516cda;9;01/03/2020;01/02/2022;IncrediBuild;R&D Program Manager;Israel;Tel Aviv;;TRUE;English;R&D Manager;R&D Manager;Engineering Managers;Engineering;TRUE;;
256;5106c74b-ba73-44d9-9892-d150cacc55b7;3;01/12/2021;;IncrediBuild;Senior Developer;Israel;;;TRUE;English;Software Engineer;Software Engineer;Programmers;Information and Communication Technology;FALSE;Digital & Analytics;IT
257;61345cda-6cec-49f2-9a74-0d0ad79d73b7;8;01/01/2020;01/01/2022;IncrediBuild;Brand Manager;Israel;Tel Aviv;;FALSE;English;Brand Manager;Brand Manager;Communication, Marketing and Public Relations Managers;Communication, Marketing and Public Relations;FALSE;Marketing & Sales;Marketing
258;8dc05f01-5252-49bb-8185-dcc5630f3e9e;2;01/08/2007;01/12/2008;IncrediBuild;Account Manager;Israel;;;FALSE;English;Account Manager (other);Account Manager (other);Business Services Account Managers;Sales and Trading;FALSE;Marketing & Sales;Sales
259;3748f7ba-a1b1-41b8-887e-fcfa5f84a487;8;01/09/2019;01/02/2020;IncrediBuild;Cloud Solution Engineer;Israel;Tel Aviv;;FALSE;English;Solutions Architect;Solutions Architect;System Developers and Analysts;Information and Communication Technology;FALSE;Digital & Analytics;IT
260;80412be6-ad3a-4fd0-9fda-32ec8eef3e41;7;01/10/2018;01/11/2021;IncrediBuild;Product Manager;Israel;;;TRUE;English;Product Manager;Product Manager;Communication, Marketing and Public Relations Managers;Communication, Marketing and Public Relations;TRUE;Marketing & Sales;Marketing
261;06f098d5-b34f-45ba-8894-e2d96f0fa726;3;01/10/2020;;IncrediBuild;System Administrator;Israel;Tel Aviv;;TRUE;English;System Administrator;System Administrator;System and Application Administrators;Information and Communication Technology;FALSE;;
262;a0019978-0b8c-408a-9704-5a154f99b25d;6;01/03/2022;;IncrediBuild;Business Operations Manager;Israel;;;FALSE;English;Operations Manager;Operations Manager;Management, Policy and Governance (other);Management, Policy and Governance;TRUE;Operations;Operations
263;4dc62567-3493-4248-aa00-c15f4cd97f09;5;01/08/2019;01/06/2021;IncrediBuild;Account Executive;Japan;;;FALSE;English;Account Manager (other);Account Manager (other);Business Services Account Managers;Sales and Trading;FALSE;Marketing & Sales;Sales
264;74fb61bb-0443-4cbc-b9cd-ec9f59a3a1e3;9;01/05/2019;01/06/2021;IncrediBuild;General Manager, Japan;Japan;Tokyo;;FALSE;Japanese;マネージャー、管理者;Manager;Management, Policy and Governance (other);Management, Policy and Governance;TRUE;;
265;2bc5290e-4d64-4b4f-bedc-49344a667641;8;01/01/2021;;IncrediBuild;Head Of Community Marketing;United States;;;FALSE;;;;;;TRUE;Marketing & Sales;Communications
266;ddf7d5d6-ad37-410e-a291-ab6cb8a6d5b4;9;01/02/2023;;IncrediBuild;Product Marketing Manager;United States;;;TRUE;English;Head of Marketing;Head of Marketing;Communication, Marketing and Public Relations Managers;Communication, Marketing and Public Relations;TRUE;Marketing & Sales;Marketing
2,67E+02;904e973d-5db6-4b0c-92db-466cbcac97d6;3;01/01/2002;01/10/2011;IncrediBuild;Co-Founder & CEO;Israel;;;FALSE;English;Chief Executive Officer;Chief Executive Officer;General Directors;Management, Policy and Governance;TRUE;Executive;Executive
268;f4a5bcc5-fd72-4b11-8c52-06c3550fa9d6;6;01/06/2019;;IncrediBuild;Chief Financial Officer;Israel;;;FALSE;;;;;;TRUE;Finance;Retail Banking
269;8b4f054c-ae34-4836-a891-8baf8c4e1e2f;8;01/01/2021;01/09/2021;IncrediBuild;Product Marketing Manager;Israel;;;TRUE;English;Product Manager;Product Manager;Communication, Marketing and Public Relations Managers;Communication, Marketing and Public Relations;TRUE;Marketing & Sales;Marketing
270;83a7b31d-c982-41ff-a1e4-3829f4c01560;5;01/05/2022;;IncrediBuild;Business Analyst;Israel;Tel Aviv;;FALSE;English;E-Business Analyst;E-Business Analyst;System Developers and Analysts;Information and Communication Technology;FALSE;Digital & Analytics;Analytics
271;359c4811-7f68-4770-a29f-207a0957f7b8;6;01/01/2018;01/01/2019;IncrediBuild;Chief Financial Officer;Israel;;;FALSE;English;Financial Director;Financial Director;Financial Directors;Insurance and Finance;TRUE;Finance;Retail Banking
272;f9b9b09d-be52-482c-b038-73934d780109;9;01/02/2019;01/10/2020;IncrediBuild;VP R&D;Israel;;;FALSE;English;R&D Manager;R&D Manager;Engineering Managers;Engineering;TRUE;;
273;1ecba506-e5d5-45bf-85f0-4840a258851a;8;01/10/2018;01/01/2019;IncrediBuild;Account Manager;Israel;;;FALSE;English;Account Manager (other);Account Manager (other);Business Services Account Managers;Sales and Trading;FALSE;Marketing & Sales;Sales
2,74E+02;2e3115b1-424b-45bc-ae95-c12214755759;7;01/04/2022;;IncrediBuild;Account Executive;Israel;Tel Aviv;;FALSE;English;Account Manager (other);Account Manager (other);Business Services Account Managers;Sales and Trading;FALSE;Marketing & Sales;Sales
275;2df8e081-feaf-454e-9f7b-7a32a5e43346;6;01/12/2018;01/04/2019;IncrediBuild;Manager;Israel;Tel Aviv;;FALSE;English;IT Manager;IT Manager;IT Managers;Information and Communication Technology;TRUE;;
276;62b9ad77-e0a6-4a3e-863f-75906457103a;8;01/03/2021;01/12/2021;IncrediBuild;Account Executive;Israel;Tel Aviv;;FALSE;;;;;;FALSE;Marketing & Sales;Sales
277;2cd0befd-4c15-453b-ae49-4fe0eee6fa5a;3;01/08/2019;01/01/2021;IncrediBuild;Web Development Team Lead;Israel;Tel Aviv;;TRUE;English;R&D Manager;R&D Manager;Engineering Managers;Engineering;TRUE;;
278;e8f09163-51b1-4b4a-a651-13b84e516cda;10;01/02/2022;;IncrediBuild;Director R&D PMO & Operations;Israel;Tel Aviv;;FALSE;;;;;;TRUE;;
279;cb74516d-34de-48f4-9ce4-19300159896b;10;01/04/2023;;IncrediBuild;Receptionist;Israel;Tel Aviv;;FALSE;English;Receptionist;Receptionist;Receptionists;Administration and Customer Service;FALSE;Operations;Administration
280;d2f4ef34-3948-4034-b62d-619626e20263;6;01/03/2022;;IncrediBuild;Business Development Growth Expert;Israel;Tel Aviv;;FALSE;;;;;;FALSE;;
281;5af84f48-83a5-42e9-a11b-ab8e305b55ff;6;01/01/2020;01/05/2020;IncrediBuild;Sales Operations & Sales Process Manager;Israel;Tel Aviv;;FALSE;;;;;;FALSE;Marketing & Sales;Sales
282;2a9a1870-233c-410b-bbc8-e05a80de1044;2;01/12/2021;01/02/2023;IncrediBuild;Customer Success Manager;Israel;;;FALSE;English;Customer Manager;Customer Manager;Heads of Administration and Customer Services;Administration and Customer Service;TRUE;Marketing & Sales;Sales
283;d35c303d-73f2-4b0f-b19a-66b9c8d0c631;5;01/05/2023;;IncrediBuild;Applications Manager;Israel;Tel Aviv;;FALSE;English;Operations Manager;Operations Manager;Management, Policy and Governance (other);Management, Policy and Governance;TRUE;Digital & Analytics;IT
284;b12bf1d4-a37c-49fe-a108-948da3dcc2f6;9;01/11/2019;;IncrediBuild;Chief Executive Officer;Israel;;;FALSE;English;Chief Executive Officer;Chief Executive Officer;General Directors;Management, Policy and Governance;TRUE;Executive;Executive
285;4189565d-dd3f-475e-b343-c2231b067725;8;01/09/2021;;IncrediBuild;Director Human Resources;Israel;;;FALSE;English;Human Resources Director;Human Resources Director;Labour Managers;Legal, Human Resources and Social Services;TRUE;Legal, Risk & HR;HR
286;5c06e0cd-0c16-4cb7-b893-e1ff6d5074c2;9;01/12/2020;;IncrediBuild;Test Analyst;Israel;;;FALSE;English;Quality Assurance (QA) Manager;Quality Assurance (QA) Manager;Production Managers;Production;FALSE;Legal, Risk & HR;Risk and Compliance
287;4f0cecdb-77af-409c-9c05-f824556f4904;7;01/05/2021;01/10/2022;IncrediBuild;Global Recruitment Manager;Israel;Tel Aviv;;FALSE;English;Recruitment Manager;Recruitment Manager;Labour Managers;Legal, Human Resources and Social Services;TRUE;Legal, Risk & HR;HR
288;07771eee-ff1d-4bb2-b8e8-5f4985e52986;11;01/09/2020;;IncrediBuild;Qa Engineer;Israel;Tel Aviv;;FALSE;English;Quality Assurance Engineer;Quality Assurance Engineer;Business Administration and Engineering Experts;Engineering;FALSE;Digital & Analytics;IT
289;017bb0ff-d2be-46c8-b788-8de70de69d7e;7;01/06/2021;01/03/2022;IncrediBuild;China & Japan Gm;Israel;;;FALSE;;;;;;FALSE;;
290;b8900a77-b46a-429b-bd0f-202dd07f746b;2;01/10/2017;01/01/2019;IncrediBuild;Technical Writer;United Arab Emirates;;;TRUE;English;Technical Writer;Technical Writer;Journalists and Editors;Arts, Culture and Media;FALSE;Marketing & Sales;Communications
291;53dd801d-a8da-4096-abde-7ef657631f39;10;01/01/2023;;IncrediBuild;Senior Sales Consultant;United States;New York;New York;FALSE;English;Business Development Manager;Business Development Manager;Sales Managers;Sales and Trading;FALSE;;
292;59f51d6c-6634-45da-8b7a-590238f8c08f;5;01/01/2022;01/01/2023;IncrediBuild;Business Development Executive;United States;New York;New York;FALSE;English;Business Development Manager;Business Development Manager;Sales Managers;Sales and Trading;FALSE;Marketing & Sales;Marketing
293;02486692-857f-4136-bebd-f2d6a63f2f98;4;01/05/2022;01/05/2023;IncrediBuild;Community Operations Manager | Marketing;United States;New York;New York;FALSE;;;;;;TRUE;Operations;Real Estate & Facilities
294;7902e3b5-1b8f-4cdd-95ef-8694ddb14a56;11;01/04/2022;;IncrediBuild;Sales Supervisor;United States;Virginia;Great Falls;FALSE;English;Sales Manager;Sales Manager;Sales Managers;Sales and Trading;FALSE;Operations;Operations
295;6273da00-758b-4066-be85-b38dfd81b060;6;01/03/2021;01/03/2022;IncrediBuild;Senior Account Executive;Israel;Tel Aviv;;FALSE;English;Account Manager (other);Account Manager (other);Business Services Account Managers;Sales and Trading;FALSE;Marketing & Sales;Marketing
296;2c06b2b2-329e-41d3-b406-fb996dfa1d07;9;01/05/2022;;IncrediBuild;Product Manager;Israel;Tel Aviv;;TRUE;English;Product Manager;Product Manager;Communication, Marketing and Public Relations Managers;Communication, Marketing and Public Relations;TRUE;Marketing & Sales;Marketing
297;cb9cc52f-ed1f-4521-a2c3-5105aa929954;9;01/04/2023;;IncrediBuild;BDR Manager;Israel;Tel Aviv;;FALSE;;;;;;TRUE;;
298;7677720c-fde5-4b3a-8708-cc2aecede81c;6;01/04/2022;;IncrediBuild;Customer Success Manager;Israel;Tel Aviv;;FALSE;English;Customer Manager;Customer Manager;Heads of Administration and Customer Services;Administration and Customer Service;TRUE;Marketing & Sales;Sales
299;174305e4-89f5-4bc2-9e28-8c6098df6469;6;01/12/2021;;IncrediBuild;Qa Engineer;Israel;;;FALSE;English;Quality Assurance Engineer;Quality Assurance Engineer;Business Administration and Engineering Experts;Engineering;FALSE;Digital & Analytics;IT
300;9fb70fb5-29c2-419d-bc0d-962eb0ea30d5;8;01/09/2019;01/01/2021;IncrediBuild;Head;Israel;Tel Aviv;;FALSE;;;;;;FALSE;;
301;0ddcc9b0-b933-48d0-bfdd-3428db8bbb6f;4;01/04/2021;01/11/2021;IncrediBuild;Senior Developer;Israel;Tel Aviv;;TRUE;English;Software Engineer;Software Engineer;Programmers;Information and Communication Technology;FALSE;Digital & Analytics;IT
302;fa92823e-ccc3-432d-93c8-5eb34939c4ca;4;01/02/2019;01/01/2020;IncrediBuild;Senior Sales Consultant;Israel;Tel Aviv;;FALSE;English;Business Development Manager;Business Development Manager;Sales Managers;Sales and Trading;FALSE;;
303;16b7e565-b1c4-4cf0-85d1-032f6ce73962;8;01/10/2021;;IncrediBuild;Senior Software Engineer;Israel;Tel Aviv;;TRUE;English;Software Engineer;Software Engineer;Programmers;Information and Communication Technology;FALSE;Digital & Analytics;IT
304;294ea9d9-fc4e-473d-a5d4-2703b2b4f334;7;01/08/2022;;IncrediBuild;Senior Software Engineer;Israel;Tel Aviv;;TRUE;English;Software Engineer;Software Engineer;Programmers;Information and Communication Technology;FALSE;Digital & Analytics;IT
305;7d7c993b-7600-40b0-9fb9-5a41213bab55;5;01/12/2021;01/11/2022;IncrediBuild;R&D Manager;Israel;Tel Aviv;;FALSE;English;R&D Manager;R&D Manager;Engineering Managers;Engineering;TRUE;;
306;702ee3c7-3d01-4704-9451-33caa10ef410;7;01/06/2021;;IncrediBuild;Director Business Development;Israel;Tel Aviv;;FALSE;English;Sales Manager;Sales Manager;Sales Managers;Sales and Trading;TRUE;Marketing & Sales;Sales
307;e9f87272-8ca8-456c-b892-686b865ef299;1;01/11/2020;01/06/2021;IncrediBuild;Administrative Assistant;Israel;;;FALSE;English;Administrative Assistant;Administrative Assistant;Administrative Personnel;Administration and Customer Service;FALSE;Operations;Administration
308;3ee3a1a5-5084-4fc2-a515-44078dc37025;6;01/03/2023;;IncrediBuild;Support Technician;Israel;Tel Aviv;;FALSE;English;Help Desk Automation Support Assistant;Help Desk Automation Support Assistant;Support Staff;Information and Communication Technology;FALSE;Digital & Analytics;IT
309;a4e4f25c-8dfa-43f8-80ec-eee58a4fc559;7;01/05/2022;;IncrediBuild;Corporate Account Manager;United States;New York;New York;FALSE;English;Account Manager (other);Account Manager (other);Business Services Account Managers;Sales and Trading;FALSE;;
310;344229d8-02ab-47c5-a7e7-c429654c244d;6;01/03/2022;;IncrediBuild;Business Development Executive;Israel;Tel Aviv;;FALSE;English;Business Development Manager;Business Development Manager;Sales Managers;Sales and Trading;FALSE;Marketing & Sales;Marketing
311;44548fb2-181f-4bb1-ac72-c4883a005370;10;01/07/2022;01/06/2023;IncrediBuild;Senior Sales And Business Development Specialist;Israel;Tel Aviv;;FALSE;;;;;;FALSE;;
312;93a44829-6089-46db-89e3-a45f0febc549;9;01/08/2021;;IncrediBuild;Product Marketing Manager;Israel;;;TRUE;English;Film Director;Film Director;Directors and Producers;Arts, Culture and Media;TRUE;Marketing & Sales;Marketing
313;028701f4-a491-43ed-949e-fb8896f29b4a;5;01/06/2022;;IncrediBuild;Product Manager;Israel;Tel Aviv;;TRUE;English;Product Manager;Product Manager;Communication, Marketing and Public Relations Managers;Communication, Marketing and Public Relations;TRUE;Marketing & Sales;Marketing
314;11c3c131-d21c-424b-8d74-7a30f6d7267c;6;01/03/2022;;IncrediBuild;Customer Success Team Lead;Israel;;;FALSE;English;Customer Service Manager;Customer Service Manager;Heads of Administration and Customer Services;Administration and Customer Service;TRUE;Marketing & Sales;Sales
315;dec8742c-5379-407c-853c-90142ffe93c1;6;01/02/2023;;IncrediBuild;Digital Marketing Manager;Israel;Tel Aviv;;TRUE;English;Direct Marketer;Direct Marketer;Marketing and Advertising Personnel;Communication, Marketing and Public Relations;TRUE;Marketing & Sales;Marketing
316;573906e8-9670-45c0-a45e-c99cb52674f1;4;01/07/2019;01/09/2020;IncrediBuild;Digital Marketing Manager;Israel;;;TRUE;English;Online Marketing Manager;Online Marketing Manager;Communication, Marketing and Public Relations Managers;Communication, Marketing and Public Relations;TRUE;Marketing & Sales;Marketing
317;547812b2-1125-4091-9b90-e4de8b99f4a3;10;01/12/2021;01/10/2022;IncrediBuild;Product Marketing Manager;Israel;;;TRUE;English;Product Marketer;Product Marketer;Marketing and Advertising Personnel;Communication, Marketing and Public Relations;TRUE;Marketing & Sales;Marketing
318;904e973d-5db6-4b0c-92db-466cbcac97d6;4;01/10/2011;01/07/2018;IncrediBuild;Co-Founder & Chairman;Israel;Tel Aviv;;FALSE;English;Chief Executive Officer;Chief Executive Officer;General Directors;Management, Policy and Governance;TRUE;Executive;Executive
319;48716840-9610-46e6-95c4-873003c8079a;6;01/09/2019;01/09/2021;IncrediBuild;Software Engineer;Israel;Tel Aviv;;TRUE;English;Software Engineer;Software Engineer;Programmers;Information and Communication Technology;FALSE;Digital & Analytics;IT
320;0d926793-1096-42ec-9d76-33aaea14dc9a;10;01/11/2021;;IncrediBuild;Customer Success Manager;Israel;Tel Aviv;;FALSE;English;Customer Service Manager;Customer Service Manager;Heads of Administration and Customer Services;Administration and Customer Service;TRUE;Marketing & Sales;Sales
321;d0b7d05a-43c1-4340-b351-134c19c26c6b;6;01/10/2021;;IncrediBuild;Product Manager;Israel;;;TRUE;English;Product Manager;Product Manager;Communication, Marketing and Public Relations Managers;Communication, Marketing and Public Relations;TRUE;Marketing & Sales;Marketing
322;9361fe3f-fced-49f2-aaae-9ff73aff769d;7;01/09/2021;;IncrediBuild;Chief Staff;Israel;Tel Aviv;;FALSE;English;Manager;Manager;Management, Policy and Governance (other);Management, Policy and Governance;TRUE;Executive;Executive
323;35aaf877-4f92-4afa-93cb-d1edb899ae82;6;01/01/2021;01/08/2021;IncrediBuild;Product Marketing Manager;Israel;;;TRUE;English;Product Manager;Product Manager;Communication, Marketing and Public Relations Managers;Communication, Marketing and Public Relations;TRUE;Marketing & Sales;Marketing
324;7db6c9a5-047d-4a9f-925b-5156d1742bdd;5;01/06/2022;;IncrediBuild;Office Manager & PA to CEO;Israel;;;FALSE;;;;;;TRUE;Executive;Executive
325;25240450-fa7e-4b9b-b7bd-0524d4a16bd2;2;01/05/2012;01/10/2020;IncrediBuild;Inside Sales Representative;Israel;Tel Aviv;;FALSE;English;Inside Sales Assistant;Inside Sales Assistant;Commercial Personnel and Telemarketers;Sales and Trading;FALSE;Marketing & Sales;Sales
326;b80d0210-a24e-4e1c-aba0-da506011966e;7;01/02/2020;01/02/2023;IncrediBuild;Director Human Resources;Israel;Tel Aviv;;FALSE;;;;;;TRUE;Legal, Risk & HR;HR
327;5558f1f2-91e6-4527-9f9b-a1bca25e429b;5;01/08/2017;;IncrediBuild;Technical Customer Success Team Manager;Israel;Tel Aviv;;TRUE;English;Technical Manager;Technical Manager;Installation, Repair, and Maintenance Heads/managers;Installation, Repair and Maintenance;TRUE;Operations;Operations
328;b53e7ec1-9e30-49de-b0ce-e7f90e08fc2e;5;01/12/2018;01/07/2019;IncrediBuild;Project Manager;Israel;;;FALSE;English;Project Manager (other);Project Manager (other);Management, Policy and Governance (other);Management, Policy and Governance;TRUE;Digital & Analytics;IT
329;54921e54-3d41-47a4-907c-7195d139c684;9;01/07/2021;;IncrediBuild;Head Of Global Channel Sales;Israel;;;FALSE;;;;;;FALSE;Marketing & Sales;Sales
330;2ad01724-906d-4028-9e51-d1cdb41f99ec;4;01/05/2022;;IncrediBuild;Solutions Architect;Israel;Tel Aviv;;FALSE;English;Solutions Architect;Solutions Architect;System Developers and Analysts;Information and Communication Technology;FALSE;Digital & Analytics;IT
331;4219a6fc-b837-4a60-adc3-366050f0a306;6;01/04/2022;;IncrediBuild;Senior Marketing Manager;Israel;Tel Aviv;;FALSE;English;Marketing Manager;Marketing Manager;Communication, Marketing and Public Relations Managers;Communication, Marketing and Public Relations;TRUE;;
332;a4856173-1077-456a-bb04-6525e4973d2a;12;01/04/2021;;IncrediBuild;Advisory Board Member;Israel;;;FALSE;English;Unknown;Unknown;Other Professions;Other;FALSE;;
333;b365e752-eb23-4697-a76e-599f5c77e650;2;01/04/2016;01/09/2016;IncrediBuild;Manager;Japan;Tokyo;;FALSE;English;IT Manager;IT Manager;IT Managers;Information and Communication Technology;TRUE;;
334;5554650f-a6a0-4ddf-bb94-0d73aa51e027;7;01/03/2022;;IncrediBuild;Account Executive;Israel;Tel Aviv;;FALSE;English;Business Adviser;Business Adviser;Insurance & Finance Advisors;Insurance and Finance;FALSE;Marketing & Sales;Sales
335;8dc05f01-5252-49bb-8185-dcc5630f3e9e;4;01/01/2009;01/09/2012;IncrediBuild;Corporate Account Manager;Israel;;;FALSE;English;International Account Manager;International Account Manager;Business Services Account Managers;Sales and Trading;FALSE;;
336;b33b9b02-4bf1-48b7-8ead-27d77efe69c9;8;01/04/2021;01/07/2022;IncrediBuild;Director;Israel;Tel Aviv;;FALSE;;;;;;TRUE;;
337;ee205a37-86a6-4e26-91fd-ad087a2667fc;7;01/06/2022;01/02/2023;IncrediBuild;Director Information Technology;Israel;;;TRUE;English;Head of Information;Head of Information;IT Managers;Information and Communication Technology;TRUE;Marketing & Sales;Marketing
338;6273da00-758b-4066-be85-b38dfd81b060;4;01/07/2018;01/04/2020;IncrediBuild;Account Manager;Israel;Tel Aviv;;FALSE;English;Account Manager (other);Account Manager (other);Business Services Account Managers;Sales and Trading;FALSE;Marketing & Sales;Sales
339;4ddcfcee-a403-4e72-bfac-7f406091a9f0;4;01/05/2021;;IncrediBuild;Technical Csm;Israel;Tel Aviv;;TRUE;;;;;;FALSE;Operations;Operations
340;a717fccf-0fa3-42c2-8b69-48ee245da801;3;01/10/2018;01/02/2019;IncrediBuild;Inside Sales Representative;Japan;;;FALSE;Japanese;安全専門家;Safety Expert;Business Administration and Engineering Experts;Engineering;FALSE;Marketing & Sales;Sales
341;1d9bc11a-5660-43cc-8c32-0ccf3ae83003;12;01/09/2021;01/02/2023;IncrediBuild;Us Team Lead - Business Development;United States;New York;New York;FALSE;;;;;;TRUE;;
342;0cf41935-9d89-4185-baf0-ec9dcd107b36;11;01/01/2020;01/03/2022;IncrediBuild;Senior Account Executive;Israel;;;FALSE;English;Account Manager (other);Account Manager (other);Business Services Account Managers;Sales and Trading;FALSE;Marketing & Sales;Marketing
343;b4277328-a1a1-4aac-9526-0700c0be37b0;8;01/06/2020;01/04/2022;IncrediBuild;Vice President Marketing;Israel;;;FALSE;English;Production (other);Production (other);Production (other);Production;TRUE;Marketing & Sales;Marketing
344;aa6c6af4-f0e9-4987-a298-9aedeb8f8be4;4;01/01/2022;;IncrediBuild;Qa Engineer;Israel;Tel Aviv;;FALSE;English;Quality Assurance Engineer;Quality Assurance Engineer;Business Administration and Engineering Experts;Engineering;FALSE;Digital & Analytics;IT
345;61b058c4-79ee-44e7-a3cd-0eba25aa58dd;3;01/07/2021;;IncrediBuild;Security Analyst;Israel;Tel Aviv;;FALSE;English;Cyber Security Engineer;Cyber Security Engineer;Consultants and Specialists;Information and Communication Technology;FALSE;Legal, Risk & HR;Risk and Compliance
346;88c3e4c3-2109-4251-9a18-4ba9c6298aa3;8;01/07/2022;;IncrediBuild;Software Developer;Israel;Tel Aviv;;TRUE;English;Programmer C, C++;Programmer C, C++;Programmers;Information and Communication Technology;FALSE;Digital & Analytics;IT
347;bddf8b1b-aec8-4f1c-9705-2347f01ef9a6;7;01/04/2021;;IncrediBuild;Automation Engineer;Israel;Tel Aviv;;TRUE;English;PLC Engineer;PLC Engineer;Electrical Engineers, Designers, and Technicians;Engineering;FALSE;Digital & Analytics;IT
348;44ce5dae-08c9-40a4-b31f-b7251ba5af9b;6;01/08/2021;01/07/2022;IncrediBuild;Content Writer;Israel;Tel Aviv;;FALSE;English;Web Editor;Web Editor;Journalists and Editors;Arts, Culture and Media;FALSE;Marketing & Sales;Communications
349;f7e695ab-d0d8-40b6-bbe1-55e5c00e96e2;10;01/04/2021;01/09/2021;IncrediBuild;Recruitment Coordinator;United States;;;FALSE;English;Headhunter;Headhunter;Personnel and Labour Experts;Legal, Human Resources and Social Services;FALSE;Legal, Risk & HR;HR
350;dbb167cf-359e-4f53-aca9-2c4ead5e0d3b;7;01/01/2021;;IncrediBuild;Head Of Community Marketing;United States;;;FALSE;;;;;;TRUE;Marketing & Sales;Communications
351;77f25bbd-c0d1-43e1-a6dc-a3b3be5ab857;7;01/04/2022;;IncrediBuild;Director Of Cloud Product;Israel;;;TRUE;;;;;;TRUE;Other;Other
352;c1e84f75-e38f-4cfb-a08b-d0bd7abcde92;3;01/02/2018;01/02/2021;IncrediBuild;Software Engineer;Israel;Tel Aviv;;TRUE;English;Software Engineer;Software Engineer;Programmers;Information and Communication Technology;FALSE;Digital & Analytics;IT
353;c143d570-e8bf-4eea-8c9a-f2002aff3206;8;01/01/2019;01/01/2022;IncrediBuild;R&D Group Manager;Israel;;;FALSE;English;R&D Manager;R&D Manager;Engineering Managers;Engineering;TRUE;;
354;f613874a-01e9-4515-a740-8820248574ac;9;01/02/2021;01/12/2021;IncrediBuild;Data Analyst;Israel;Tel Aviv;;TRUE;English;Data Analyst;Data Analyst;System Developers and Analysts;Information and Communication Technology;FALSE;Digital & Analytics;Analytics
355;f51f60a4-946a-4a43-84d5-7eac44613875;3;01/11/2018;01/02/2020;IncrediBuild;Senior Sdr Manager;Israel;;;FALSE;;;;;;TRUE;Other;Other
356;cf39da2e-9d15-4bde-99c5-3443c436beda;9;01/04/2023;;IncrediBuild;Marketing Web Developer;Israel;;;TRUE;English;Web Developer;Web Developer;Web Professionals;Information and Communication Technology;FALSE;Digital & Analytics;IT
357;c0590d8d-6839-45c8-a603-2478d1e81a04;4;01/08/2016;01/02/2019;IncrediBuild;Regional Account Manager;Israel;;;FALSE;English;Chief Executive Officer;Chief Executive Officer;General Directors;Management, Policy and Governance;FALSE;;
358;32dfd36e-16dd-417f-990d-5010708d229b;6;01/11/2020;01/10/2021;IncrediBuild;Account Executive;Israel;Tel Aviv;;FALSE;English;Business Adviser;Business Adviser;Insurance & Finance Advisors;Insurance and Finance;FALSE;Marketing & Sales;Sales
359;cf325720-9fe9-4dd6-990f-0b8efe95c5eb;9;01/06/2019;01/03/2022;IncrediBuild;Director Business Development;Israel;Tel Aviv;;FALSE;English;Business Development Manager;Business Development Manager;Sales Managers;Sales and Trading;TRUE;Marketing & Sales;Sales
360;3d215acc-6adb-47fc-bfd6-f4741f5351e4;4;01/10/2021;;IncrediBuild;Technical Support Engineer;Israel;Tel Aviv;;TRUE;English;Technical Support Specialist;Technical Support Specialist;Support Staff;Information and Communication Technology;FALSE;;
361;591c65a0-e423-4742-b2aa-08a5a7ea0550;5;01/05/2021;;IncrediBuild;Lead Developer;Israel;Tel Aviv;;TRUE;English;Web Developer;Web Developer;Web Professionals;Information and Communication Technology;TRUE;;
362;63ea8267-d0a8-48a3-a0c8-5e5255866b61;3;01/02/2016;01/08/2019;IncrediBuild;Office Manager;Japan;Tokyo;;FALSE;English;Office Manager;Office Manager;Heads of Administration and Customer Services;Administration and Customer Service;TRUE;Operations;Operations
363;c406f185-46f0-4c2a-a1b8-d8a9956b1c6a;15;01/03/2022;;IncrediBuild;Scrum Master;Israel;Tel Aviv;;TRUE;English;IT Trainer;IT Trainer;Course Leaders and Instructors;Education and Training;FALSE;Digital & Analytics;IT
364;35b435df-dcb6-472a-b725-ecf5df304d47;8;01/09/2020;01/02/2023;IncrediBuild;Director Product Development;Israel;;;TRUE;;;;;;TRUE;Other;Other
365;06a7a943-d306-4f6c-9a6e-eb8c254db650;8;01/10/2018;01/01/2020;IncrediBuild;Director Human Resources;Israel;;;FALSE;;;;;;TRUE;Legal, Risk & HR;HR
366;74738bd1-c247-48b6-afe0-33e82126aa3f;7;01/01/2023;;IncrediBuild;Product Manager;Israel;;;TRUE;English;Product Manager;Product Manager;Communication, Marketing and Public Relations Managers;Communication, Marketing and Public Relations;TRUE;Marketing & Sales;Marketing
367;1c19deba-2652-4c49-8fc7-50ff074eedc0;4;01/02/2021;01/12/2021;IncrediBuild;Senior Sales Consultant;Israel;;;FALSE;English;Business Development Manager;Business Development Manager;Sales Managers;Sales and Trading;FALSE;;
368;76a83ff3-3c98-4480-bbec-b69f41aed7c5;7;01/01/2019;01/12/2020;IncrediBuild;Head Marketing;Israel;Tel Aviv;;FALSE;English;Head of Marketing;Head of Marketing;Communication, Marketing and Public Relations Managers;Communication, Marketing and Public Relations;FALSE;Marketing & Sales;Marketing
369;e9a37760-b833-4837-aaaa-21e0e74e360d;7;01/07/2020;01/08/2021;IncrediBuild;Employer Branding Manager;Israel;Tel Aviv;;FALSE;;;;;;TRUE;Marketing & Sales;Marketing
370;48069c40-4d19-4e72-b088-eaa8ace50646;8;01/05/2022;;IncrediBuild;Product Marketing Manager;Israel;;;TRUE;English;Film Director;Film Director;Directors and Producers;Arts, Culture and Media;TRUE;Marketing & Sales;Marketing
371;85769b2c-64f1-47dc-a9ce-626c5aebb74e;6;01/01/2019;01/01/2020;IncrediBuild;Corporate Account Manager;Israel;;;FALSE;;;;;;FALSE;;
372;a8fc5f61-a5d8-46f7-8cad-c48ab2fae2c2;8;01/10/2022;;IncrediBuild;General Counsel;Israel;Tel Aviv;;FALSE;English;Corporate Lawyer;Corporate Lawyer;Lawyers;Legal, Human Resources and Social Services;FALSE;Legal, Risk & HR;Legal
373;2a9a1870-233c-410b-bbc8-e05a80de1044;1;01/03/2020;01/12/2021;IncrediBuild;Account Manager;Israel;;;FALSE;English;Account Manager (other);Account Manager (other);Business Services Account Managers;Sales and Trading;FALSE;Marketing & Sales;Sales
374;889b23ee-7829-49c3-b72a-a8147e5a5b64;4;01/11/2022;;IncrediBuild;Account Executive;Israel;Tel Aviv;;FALSE;English;Business Adviser;Business Adviser;Insurance & Finance Advisors;Insurance and Finance;FALSE;Marketing & Sales;Sales
375;1ecba506-e5d5-45bf-85f0-4840a258851a;9;01/01/2019;01/02/2021;IncrediBuild;Account Management Team Lead;Israel;;;FALSE;English;Account Manager (other);Account Manager (other);Business Services Account Managers;Sales and Trading;FALSE;Marketing & Sales;Sales
376;e9a37760-b833-4837-aaaa-21e0e74e360d;6;01/01/2018;01/07/2020;IncrediBuild;Hr Marketing And Recruitment Manager;Israel;Tel Aviv;;FALSE;;;;;;TRUE;Legal, Risk & HR;HR
377;4dc62567-3493-4248-aa00-c15f4cd97f09;6;01/06/2021;;IncrediBuild;Country Manager;Japan;Tokyo;;FALSE;Japanese;営業マネージャー（その他）;Account Manager (other);Business Services Account Managers;Sales and Trading;TRUE;Marketing & Sales;Sales
378;05d6a697-b0c3-421b-8519-978bf49db4be;9;01/05/2022;;IncrediBuild;Enterprise Accounts;United States;;;FALSE;English;Unknown;Unknown;Other Professions;Other;FALSE;Marketing & Sales;Sales
379;7f412f18-fa84-404b-806f-7292b2183135;11;01/05/2021;01/11/2022;IncrediBuild;Solutions Architect;United States;New York;New York;FALSE;English;Solutions Architect;Solutions Architect;System Developers and Analysts;Information and Communication Technology;FALSE;Digital & Analytics;IT
380;fc4af9a7-4165-47b8-9db1-45894382d6be;3;01/08/2015;01/05/2017;IncrediBuild;Qa Engineer;Israel;Tel Aviv;;FALSE;English;Quality Assurance Engineer;Quality Assurance Engineer;Business Administration and Engineering Experts;Engineering;FALSE;Digital & Analytics;IT
381;0d8b381c-7b9e-46f3-b23b-69915bf93999;5;01/11/2022;01/12/2022;IncrediBuild;Business Operation Analyst;Israel;Tel Aviv;;FALSE;English;Business Analyst;Business Analyst;Management Analysts and Consultants;Management, Policy and Governance;FALSE;Operations;Operations
382;53a788ab-96f8-43a0-aaf4-fc47f9333683;4;01/11/2020;;IncrediBuild;Product Marketing Manager;Israel;Tel Aviv;;TRUE;English;Product Marketer;Product Marketer;Marketing and Advertising Personnel;Communication, Marketing and Public Relations;TRUE;Marketing & Sales;Marketing
383;fbcccb68-3511-4df8-93de-6d59c848c4c2;9;01/02/2019;01/04/2021;IncrediBuild;Sales Engineer;Israel;;;FALSE;English;Sales Engineer;Sales Engineer;Articles and Products Representives;Sales and Trading;FALSE;Marketing & Sales;Sales
384;8d7afd51-bc72-4ad3-9b5c-a1391029898d;3;01/02/2021;01/03/2023;IncrediBuild;Web Developer;Israel;Tel Aviv;;TRUE;English;Web Developer;Web Developer;Web Professionals;Information and Communication Technology;FALSE;Digital & Analytics;IT
385;6f0de393-caee-402e-a227-ac496a2867a0;7;01/03/2022;;IncrediBuild;Qa & Integration Team Leader;Israel;;;FALSE;;;;;;FALSE;Digital & Analytics;IT
386;f2a2b8f1-0b0a-4219-af79-6fc37a0ba671;5;01/03/2022;;IncrediBuild;Recruiter;Israel;Tel Aviv;;FALSE;English;Recruiter;Recruiter;Personnel and Labour Experts;Legal, Human Resources and Social Services;FALSE;Legal, Risk & HR;HR
387;08174cad-eb3b-4e86-91eb-408c20387418;4;01/09/2022;;IncrediBuild;Web Developer;Israel;;;TRUE;English;Front-End Developer;Front-End Developer;Web Professionals;Information and Communication Technology;FALSE;Digital & Analytics;IT
388;735b7146-6e79-4041-8a76-17aade2aa763;7;01/04/2020;01/03/2022;IncrediBuild;Sales Engineer;Japan;Tokyo;;FALSE;Japanese;システムエンジニア;System Engineer;System Developers and Analysts;Information and Communication Technology;FALSE;Marketing & Sales;Sales
389;fa5923c0-42a5-45d4-a092-6107ffde9f16;6;01/05/2022;01/05/2022;IncrediBuild;Strategic Accounts At Incredibuild;United States;;;FALSE;;;;;;FALSE;Marketing & Sales;Sales
390;a5c345e2-5448-487f-8df2-a4256ae6f6e3;9;01/07/2022;01/05/2023;IncrediBuild;Head of Brand Marketing;Israel;;;FALSE;English;Head of Marketing;Head of Marketing;Communication, Marketing and Public Relations Managers;Communication, Marketing and Public Relations;FALSE;Marketing & Sales;Marketing
391;8dc05f01-5252-49bb-8185-dcc5630f3e9e;5;01/10/2012;01/11/2018;IncrediBuild;Senior Account Manager - Enterprise Customers;Israel;;;FALSE;;;;;;FALSE;Marketing & Sales;Marketing
392;7138eb82-0d9c-4f63-9633-dd9fedd9142e;6;01/11/2021;;IncrediBuild;Software Development Manager;Israel;Tel Aviv;;TRUE;English;IT Manager;IT Manager;IT Managers;Information and Communication Technology;TRUE;Digital & Analytics;IT
393;92faaeb4-c3cc-4c90-845a-3d29f6ea1e37;1;01/05/2019;;IncrediBuild;全国销售经理;China;;;FALSE;English;Unknown;Unknown;Other Professions;Other;FALSE;;
394;ac65a95b-9ab1-411b-805a-34eafb158048;6;01/10/2011;01/12/2019;IncrediBuild;Chief Executive Officer;Israel;Tel Aviv;;FALSE;English;Chief Executive Officer;Chief Executive Officer;General Directors;Management, Policy and Governance;TRUE;Executive;Executive
395;d454f3f4-ef5a-472c-88f4-dcc727356cfd;4;01/05/2021;01/10/2021;IncrediBuild;Recruiter;Israel;Tel Aviv;;FALSE;English;Recruiter;Recruiter;Personnel and Labour Experts;Legal, Human Resources and Social Services;FALSE;Legal, Risk & HR;HR
396;5362927d-64ee-4c9e-994f-5d9fe606193f;6;01/12/2020;01/03/2022;IncrediBuild;Senior Ppc Campaign Manager;Israel;;;FALSE;;;;;;TRUE;Other;Other
397;d66e2460-4e3f-44a2-9154-a45ff5d98f9c;5;01/07/2021;;IncrediBuild;Account Executive;Israel;Tel Aviv;;FALSE;English;Account Manager (other);Account Manager (other);Business Services Account Managers;Sales and Trading;FALSE;Marketing & Sales;Sales
398;99604edd-356e-476c-8313-d96093f7e349;7;01/04/2022;;IncrediBuild;Chief of Staff to CRO @ Incredibuild;Israel;Tel Aviv;;FALSE;;;;;;TRUE;Executive;Executive
399;017bb0ff-d2be-46c8-b788-8de70de69d7e;9;01/01/2022;;IncrediBuild;Head Of Apac Sales;Israel;Tel Aviv;;FALSE;;;;;;FALSE;Marketing & Sales;Sales
400;72baf68b-a838-4f41-8aac-6bf8d142e118;5;01/10/2022;;IncrediBuild;Director Business Development;Israel;;;FALSE;English;Sales Manager;Sales Manager;Sales Managers;Sales and Trading;TRUE;Marketing & Sales;Sales
401;5558f1f2-91e6-4527-9f9b-a1bca25e429b;8;01/01/2023;;IncrediBuild;Principal Enterprise Tcsm;Israel;;;FALSE;;;;;;FALSE;Digital & Analytics;IT
402;c21d7eac-de6b-4599-beef-b98fcb8063cd;11;01/09/2020;01/06/2022;IncrediBuild;Technical Customer Support Manager;Israel;;;TRUE;English;Technical Support Manager;Technical Support Manager;IT Coordinators;Information and Communication Technology;TRUE;Digital & Analytics;IT
403;ae96e16a-e154-4bf0-b3ab-566a1f16f2d8;10;01/02/2020;;IncrediBuild;Business Development Representative;Israel;Tel Aviv;;FALSE;English;Sales Manager;Sales Manager;Sales Managers;Sales and Trading;FALSE;Marketing & Sales;Marketing
404;513d4e38-61bc-4a23-8add-3f26e4127eef;7;01/10/2021;;IncrediBuild;Business Analyst;Israel;Tel Aviv;;FALSE;English;E-Business Analyst;E-Business Analyst;System Developers and Analysts;Information and Communication Technology;FALSE;Digital & Analytics;Analytics
405;873d8eed-6ff6-4122-a8c6-0f31b7d24b44;5;01/05/2019;01/04/2021;IncrediBuild;Business Information Specialist;Israel;;;TRUE;English;Data Analyst;Data Analyst;System Developers and Analysts;Information and Communication Technology;FALSE;Digital & Analytics;Analytics
406;f00502aa-0a49-42d0-9c39-d400a3be7a3d;1;01/01/2008;;IncrediBuild;Manager;Australia;;;FALSE;English;Manager;Manager;Management, Policy and Governance (other);Management, Policy and Governance;TRUE;;
407;defd3c94-d807-4026-9b13-7059de55216e;5;01/07/2021;01/12/2021;IncrediBuild;Business Development Manager;United States;;;FALSE;English;Business Development Manager;Business Development Manager;Sales Managers;Sales and Trading;TRUE;Marketing & Sales;Sales